"sample","chrom","pos","id","ref","alt","qual","filter","info","gene","age","assay_type","avg_spot_len","bases","bioproject","biosample_number","biosample_model","bytes","cell_line","center_name","consent","data_file_type","datastore_provider","datastore_region","experiment_number","instrument","isolate","library_name","library_layout","library_selection","library_source","organism","platform","release_year","release_month","release_date","release_time","replicate","create_year","create_month","create_date","create_time","version","sample_name","sample_type","sex","sra_study","tissue","treatment","cell_type","biomaterial_provider","breed","Cultivar","dev_stage","Ecotype","strain"
"SRR15093410","NC_045512.2",8782,NA,"C","T","99",NA,"DP=5;VDB=0.0224626;SGB=-0.590765;MQ0F=0;AC=1;AN=1;DP4=0,0,0,5;MQ=60","ORF1ab",NA,"RNA-Seq",151,2891265705,"PRJNA745219","SAMN20157074","Human",899740757,"AGS","UNIVERSITY OF CALIFORNIA, IRVINE","public","fastq,run.zq,sra","gs,ncbi,s3","gs.us-east1,ncbi.public,s3.us-east-1","SRX11403315","Illumina HiSeq 4000",NA,"AGS_inf_rep3","SINGLE","RANDOM","TRANSCRIPTOMIC","Homo sapiens","ILLUMINA",2022,1,1,"T00:00:00Z",2,2021,7,9,"T20:47:00Z",1,"AGS_inf_rep3","cell culture",NA,"SRP327755","gastric","SARS-CoV-2","AGS cells","not collected",NA,NA,NA,NA,NA
"SRR15093410","NC_045512.2",18060,NA,"C","T","124",NA,"DP=7;VDB=0.829194;SGB=-0.636426;MQ0F=0;AC=1;AN=1;DP4=0,0,0,7;MQ=60","ORF1ab",NA,"RNA-Seq",151,2891265705,"PRJNA745219","SAMN20157074","Human",899740757,"AGS","UNIVERSITY OF CALIFORNIA, IRVINE","public","fastq,run.zq,sra","gs,ncbi,s3","gs.us-east1,ncbi.public,s3.us-east-1","SRX11403315","Illumina HiSeq 4000",NA,"AGS_inf_rep3","SINGLE","RANDOM","TRANSCRIPTOMIC","Homo sapiens","ILLUMINA",2022,1,1,"T00:00:00Z",2,2021,7,9,"T20:47:00Z",1,"AGS_inf_rep3","cell culture",NA,"SRP327755","gastric","SARS-CoV-2","AGS cells","not collected",NA,NA,NA,NA,NA
"SRR15093410","NC_045512.2",22343,NA,"G","C","30.7173",NA,"DP=7;VDB=0.872827;SGB=-0.590765;RPB=0.8;MQB=1;BQB=0.8;MQ0F=0;AC=1;AN=1;DP4=0,2,0,5;MQ=60","S",NA,"RNA-Seq",151,2891265705,"PRJNA745219","SAMN20157074","Human",899740757,"AGS","UNIVERSITY OF CALIFORNIA, IRVINE","public","fastq,run.zq,sra","gs,ncbi,s3","gs.us-east1,ncbi.public,s3.us-east-1","SRX11403315","Illumina HiSeq 4000",NA,"AGS_inf_rep3","SINGLE","RANDOM","TRANSCRIPTOMIC","Homo sapiens","ILLUMINA",2022,1,1,"T00:00:00Z",2,2021,7,9,"T20:47:00Z",1,"AGS_inf_rep3","cell culture",NA,"SRP327755","gastric","SARS-CoV-2","AGS cells","not collected",NA,NA,NA,NA,NA
"SRR15093410","NC_045512.2",28144,NA,"T","C","164",NA,"DP=17;VDB=0.957504;SGB=-0.690438;MQ0F=0;AC=1;AN=1;DP4=0,0,0,17;MQ=60","ORF8",NA,"RNA-Seq",151,2891265705,"PRJNA745219","SAMN20157074","Human",899740757,"AGS","UNIVERSITY OF CALIFORNIA, IRVINE","public","fastq,run.zq,sra","gs,ncbi,s3","gs.us-east1,ncbi.public,s3.us-east-1","SRX11403315","Illumina HiSeq 4000",NA,"AGS_inf_rep3","SINGLE","RANDOM","TRANSCRIPTOMIC","Homo sapiens","ILLUMINA",2022,1,1,"T00:00:00Z",2,2021,7,9,"T20:47:00Z",1,"AGS_inf_rep3","cell culture",NA,"SRP327755","gastric","SARS-CoV-2","AGS cells","not collected",NA,NA,NA,NA,NA
"SRR15093411","NC_045512.2",8782,NA,"C","T","83",NA,"DP=4;VDB=0.100421;SGB=-0.556411;MQ0F=0;AC=1;AN=1;DP4=0,0,0,4;MQ=60","ORF1ab",NA,"RNA-Seq",101,2461828136,"PRJNA745219","SAMN20157073","Human",735321479,"AGS","UNIVERSITY OF CALIFORNIA, IRVINE","public","fastq,run.zq,sra","gs,ncbi,s3","gs.us-east1,ncbi.public,s3.us-east-1","SRX11403314","Illumina HiSeq 4000",NA,"AGS_inf_rep1","SINGLE","RANDOM","TRANSCRIPTOMIC","Homo sapiens","ILLUMINA",2022,1,1,"T00:00:00Z",1,2021,7,9,"T20:41:00Z",1,"AGS_inf_rep1","cell culture",NA,"SRP327755","gastric","SARS-CoV-2","AGS cells","not collected",NA,NA,NA,NA,NA
"SRR15093411","NC_045512.2",28144,NA,"T","C","140",NA,"DP=9;VDB=0.369599;SGB=-0.662043;MQ0F=0;AC=1;AN=1;DP4=0,0,0,9;MQ=60","ORF8",NA,"RNA-Seq",101,2461828136,"PRJNA745219","SAMN20157073","Human",735321479,"AGS","UNIVERSITY OF CALIFORNIA, IRVINE","public","fastq,run.zq,sra","gs,ncbi,s3","gs.us-east1,ncbi.public,s3.us-east-1","SRX11403314","Illumina HiSeq 4000",NA,"AGS_inf_rep1","SINGLE","RANDOM","TRANSCRIPTOMIC","Homo sapiens","ILLUMINA",2022,1,1,"T00:00:00Z",1,2021,7,9,"T20:41:00Z",1,"AGS_inf_rep1","cell culture",NA,"SRP327755","gastric","SARS-CoV-2","AGS cells","not collected",NA,NA,NA,NA,NA
"SRR15093412","NC_045512.2",8782,NA,"C","T","113",NA,"DP=6;VDB=0.00915276;SGB=-0.616816;MQ0F=0;AC=1;AN=1;DP4=0,0,0,6;MQ=60","ORF1ab",NA,"RNA-Seq",100,865302700,"PRJNA745219","SAMN20157072","Human",261910192,"Huh 7.5","UNIVERSITY OF CALIFORNIA, IRVINE","public","fastq,run.zq,sra","gs,ncbi,s3","gs.us-east1,ncbi.public,s3.us-east-1","SRX11403313","Illumina HiSeq 4000",NA,"uninf_Huh75_rep2","SINGLE","RANDOM","TRANSCRIPTOMIC","Homo sapiens","ILLUMINA",2022,1,1,"T00:00:00Z",2,2021,7,9,"T20:37:00Z",1,"uninf_Huh75_rep2","cell culture",NA,"SRP327755","kidney","mock","Huh7.5 cells","not collected",NA,NA,NA,NA,NA
"SRR15093412","NC_045512.2",18060,NA,"C","T","124",NA,"DP=7;VDB=0.0239386;SGB=-0.636426;MQ0F=0;AC=1;AN=1;DP4=0,0,0,7;MQ=60","ORF1ab",NA,"RNA-Seq",100,865302700,"PRJNA745219","SAMN20157072","Human",261910192,"Huh 7.5","UNIVERSITY OF CALIFORNIA, IRVINE","public","fastq,run.zq,sra","gs,ncbi,s3","gs.us-east1,ncbi.public,s3.us-east-1","SRX11403313","Illumina HiSeq 4000",NA,"uninf_Huh75_rep2","SINGLE","RANDOM","TRANSCRIPTOMIC","Homo sapiens","ILLUMINA",2022,1,1,"T00:00:00Z",2,2021,7,9,"T20:37:00Z",1,"uninf_Huh75_rep2","cell culture",NA,"SRP327755","kidney","mock","Huh7.5 cells","not collected",NA,NA,NA,NA,NA
"SRR15093412","NC_045512.2",28144,NA,"T","C","173",NA,"DP=42;VDB=0.769823;SGB=-0.693146;MQ0F=0;AC=1;AN=1;DP4=0,0,0,42;MQ=60","ORF8",NA,"RNA-Seq",100,865302700,"PRJNA745219","SAMN20157072","Human",261910192,"Huh 7.5","UNIVERSITY OF CALIFORNIA, IRVINE","public","fastq,run.zq,sra","gs,ncbi,s3","gs.us-east1,ncbi.public,s3.us-east-1","SRX11403313","Illumina HiSeq 4000",NA,"uninf_Huh75_rep2","SINGLE","RANDOM","TRANSCRIPTOMIC","Homo sapiens","ILLUMINA",2022,1,1,"T00:00:00Z",2,2021,7,9,"T20:37:00Z",1,"uninf_Huh75_rep2","cell culture",NA,"SRP327755","kidney","mock","Huh7.5 cells","not collected",NA,NA,NA,NA,NA
"SRR15093413","NC_045512.2",8782,NA,"C","T","167",NA,"DP=22;VDB=1.03234e-06;SGB=-0.692562;MQ0F=0;AC=1;AN=1;DP4=0,0,0,22;MQ=60","ORF1ab",NA,"RNA-Seq",100,1229098900,"PRJNA745219","SAMN20157071","Human",372994944,"Huh 7.5","UNIVERSITY OF CALIFORNIA, IRVINE","public","fastq,run.zq,sra","gs,ncbi,s3","gs.us-east1,ncbi.public,s3.us-east-1","SRX11403312","Illumina HiSeq 4000",NA,"uninf_Huh75_rep1","SINGLE","RANDOM","TRANSCRIPTOMIC","Homo sapiens","ILLUMINA",2022,1,1,"T00:00:00Z",1,2021,7,9,"T20:39:00Z",1,"uninf_Huh75_rep1","cell culture",NA,"SRP327755","kidney","mock","Huh7.5 cells","not collected",NA,NA,NA,NA,NA
"SRR15093413","NC_045512.2",18060,NA,"C","T","161",NA,"DP=16;VDB=3.69039e-05;SGB=-0.689466;MQ0F=0;AC=1;AN=1;DP4=0,0,0,16;MQ=60","ORF1ab",NA,"RNA-Seq",100,1229098900,"PRJNA745219","SAMN20157071","Human",372994944,"Huh 7.5","UNIVERSITY OF CALIFORNIA, IRVINE","public","fastq,run.zq,sra","gs,ncbi,s3","gs.us-east1,ncbi.public,s3.us-east-1","SRX11403312","Illumina HiSeq 4000",NA,"uninf_Huh75_rep1","SINGLE","RANDOM","TRANSCRIPTOMIC","Homo sapiens","ILLUMINA",2022,1,1,"T00:00:00Z",1,2021,7,9,"T20:39:00Z",1,"uninf_Huh75_rep1","cell culture",NA,"SRP327755","kidney","mock","Huh7.5 cells","not collected",NA,NA,NA,NA,NA
"SRR15093413","NC_045512.2",28144,NA,"T","C","217",NA,"DP=107;VDB=0.130803;SGB=-0.693147;MQ0F=0;AC=1;AN=1;DP4=0,0,0,106;MQ=60","ORF8",NA,"RNA-Seq",100,1229098900,"PRJNA745219","SAMN20157071","Human",372994944,"Huh 7.5","UNIVERSITY OF CALIFORNIA, IRVINE","public","fastq,run.zq,sra","gs,ncbi,s3","gs.us-east1,ncbi.public,s3.us-east-1","SRX11403312","Illumina HiSeq 4000",NA,"uninf_Huh75_rep1","SINGLE","RANDOM","TRANSCRIPTOMIC","Homo sapiens","ILLUMINA",2022,1,1,"T00:00:00Z",1,2021,7,9,"T20:39:00Z",1,"uninf_Huh75_rep1","cell culture",NA,"SRP327755","kidney","mock","Huh7.5 cells","not collected",NA,NA,NA,NA,NA
"SRR15093414","NC_045512.2",806,NA,"G","C","5.19624",NA,"DP=3;VDB=0.02;SGB=-0.453602;RPB=1;MQB=1;BQB=1;MQ0F=0;AC=1;AN=1;DP4=0,1,0,2;MQ=60","ORF1ab",NA,"RNA-Seq",101,717748319,"PRJNA745219","SAMN20157070","Human",221031798,"Huh 7","UNIVERSITY OF CALIFORNIA, IRVINE","public","fastq,run.zq,sra","gs,ncbi,s3","gs.us-east1,ncbi.public,s3.us-east-1","SRX11403311","Illumina HiSeq 4000",NA,"uninf_Huh7_rep2","SINGLE","RANDOM","TRANSCRIPTOMIC","Homo sapiens","ILLUMINA",2022,1,1,"T00:00:00Z",2,2021,7,9,"T20:36:00Z",1,"uninf_Huh7_rep2","cell culture",NA,"SRP327755","kidney","mock","Huh7 cells","not collected",NA,NA,NA,NA,NA
"SRR15093414","NC_045512.2",18060,NA,"C","T","37.4152",NA,"DP=2;VDB=0.5;SGB=-0.453602;MQ0F=0;AC=1;AN=1;DP4=0,0,0,2;MQ=60","ORF1ab",NA,"RNA-Seq",101,717748319,"PRJNA745219","SAMN20157070","Human",221031798,"Huh 7","UNIVERSITY OF CALIFORNIA, IRVINE","public","fastq,run.zq,sra","gs,ncbi,s3","gs.us-east1,ncbi.public,s3.us-east-1","SRX11403311","Illumina HiSeq 4000",NA,"uninf_Huh7_rep2","SINGLE","RANDOM","TRANSCRIPTOMIC","Homo sapiens","ILLUMINA",2022,1,1,"T00:00:00Z",2,2021,7,9,"T20:36:00Z",1,"uninf_Huh7_rep2","cell culture",NA,"SRP327755","kidney","mock","Huh7 cells","not collected",NA,NA,NA,NA,NA
"SRR15093414","NC_045512.2",28144,NA,"T","C","94",NA,"DP=8;VDB=0.00467509;SGB=-0.636426;RPB=1;MQB=1;MQSB=1;BQB=1;MQ0F=0;AC=1;AN=1;DP4=1,0,0,7;MQ=60","ORF8",NA,"RNA-Seq",101,717748319,"PRJNA745219","SAMN20157070","Human",221031798,"Huh 7","UNIVERSITY OF CALIFORNIA, IRVINE","public","fastq,run.zq,sra","gs,ncbi,s3","gs.us-east1,ncbi.public,s3.us-east-1","SRX11403311","Illumina HiSeq 4000",NA,"uninf_Huh7_rep2","SINGLE","RANDOM","TRANSCRIPTOMIC","Homo sapiens","ILLUMINA",2022,1,1,"T00:00:00Z",2,2021,7,9,"T20:36:00Z",1,"uninf_Huh7_rep2","cell culture",NA,"SRP327755","kidney","mock","Huh7 cells","not collected",NA,NA,NA,NA,NA
"SRR15093415","NC_045512.2",8782,NA,"C","T","37.4152",NA,"DP=2;VDB=0.38;SGB=-0.453602;MQ0F=0;AC=1;AN=1;DP4=0,0,0,2;MQ=60","ORF1ab",NA,"RNA-Seq",101,1208959193,"PRJNA745219","SAMN20157069","Human",369929270,"Huh 7","UNIVERSITY OF CALIFORNIA, IRVINE","public","fastq,run.zq,sra","gs,ncbi,s3","gs.us-east1,ncbi.public,s3.us-east-1","SRX11403310","Illumina HiSeq 4000",NA,"uninf_Huh7_rep1","SINGLE","RANDOM","TRANSCRIPTOMIC","Homo sapiens","ILLUMINA",2022,1,1,"T00:00:00Z",1,2021,7,9,"T20:38:00Z",1,"uninf_Huh7_rep1","cell culture",NA,"SRP327755","kidney","mock","Huh7 cells","not collected",NA,NA,NA,NA,NA
"SRR15093415","NC_045512.2",28144,NA,"T","C","123",NA,"DP=12;VDB=0.0122217;SGB=-0.676189;RPB=1;MQB=1;MQSB=1;BQB=1;MQ0F=0;AC=1;AN=1;DP4=1,0,0,11;MQ=60","ORF8",NA,"RNA-Seq",101,1208959193,"PRJNA745219","SAMN20157069","Human",369929270,"Huh 7","UNIVERSITY OF CALIFORNIA, IRVINE","public","fastq,run.zq,sra","gs,ncbi,s3","gs.us-east1,ncbi.public,s3.us-east-1","SRX11403310","Illumina HiSeq 4000",NA,"uninf_Huh7_rep1","SINGLE","RANDOM","TRANSCRIPTOMIC","Homo sapiens","ILLUMINA",2022,1,1,"T00:00:00Z",1,2021,7,9,"T20:38:00Z",1,"uninf_Huh7_rep1","cell culture",NA,"SRP327755","kidney","mock","Huh7 cells","not collected",NA,NA,NA,NA,NA
"SRR15093416","NC_045512.2",28144,NA,"T","C","168",NA,"DP=31;VDB=0.0809774;SGB=-0.693079;MQ0F=0;AC=1;AN=1;DP4=0,0,0,29;MQ=60","ORF8",NA,"RNA-Seq",101,1145711579,"PRJNA745219","SAMN20157100","Human",349598755,"A549","UNIVERSITY OF CALIFORNIA, IRVINE","public","fastq,run.zq,sra","gs,ncbi,s3","gs.us-east1,ncbi.public,s3.us-east-1","SRX11403309","Illumina HiSeq 4000",NA,"uninf_A549_WT_rep2","SINGLE","RANDOM","TRANSCRIPTOMIC","Homo sapiens","ILLUMINA",2022,1,1,"T00:00:00Z",2,2021,7,9,"T20:38:00Z",1,"uninf_A549_WT_rep2","cell culture",NA,"SRP327755","lung","mock","A549 WT cells","not collected",NA,NA,NA,NA,NA
"SRR15093417","NC_045512.2",8782,NA,"C","T","166",NA,"DP=20;VDB=7.78868e-08;SGB=-0.692067;MQ0F=0;AC=1;AN=1;DP4=0,0,0,20;MQ=60","ORF1ab",NA,"RNA-Seq",100,866242400,"PRJNA745219","SAMN20157099","Human",263454500,"A549","UNIVERSITY OF CALIFORNIA, IRVINE","public","fastq,run.zq,sra","gs,ncbi,s3","gs.us-east1,ncbi.public,s3.us-east-1","SRX11403308","Illumina HiSeq 4000",NA,"uninf_A549_WT_rep1","SINGLE","RANDOM","TRANSCRIPTOMIC","Homo sapiens","ILLUMINA",2022,1,1,"T00:00:00Z",1,2021,7,9,"T20:37:00Z",1,"uninf_A549_WT_rep1","cell culture",NA,"SRP327755","lung","mock","A549 WT cells","not collected",NA,NA,NA,NA,NA
"SRR15093417","NC_045512.2",18060,NA,"C","T","167",NA,"DP=25;VDB=3.3684e-08;SGB=-0.692831;MQ0F=0;AC=1;AN=1;DP4=0,0,0,24;MQ=60","ORF1ab",NA,"RNA-Seq",100,866242400,"PRJNA745219","SAMN20157099","Human",263454500,"A549","UNIVERSITY OF CALIFORNIA, IRVINE","public","fastq,run.zq,sra","gs,ncbi,s3","gs.us-east1,ncbi.public,s3.us-east-1","SRX11403308","Illumina HiSeq 4000",NA,"uninf_A549_WT_rep1","SINGLE","RANDOM","TRANSCRIPTOMIC","Homo sapiens","ILLUMINA",2022,1,1,"T00:00:00Z",1,2021,7,9,"T20:37:00Z",1,"uninf_A549_WT_rep1","cell culture",NA,"SRP327755","lung","mock","A549 WT cells","not collected",NA,NA,NA,NA,NA
"SRR15093417","NC_045512.2",28144,NA,"T","C","225",NA,"DP=112;VDB=0.079846;SGB=-0.693147;MQSB=1;MQ0F=0;AC=1;AN=1;DP4=0,0,1,111;MQ=60","ORF8",NA,"RNA-Seq",100,866242400,"PRJNA745219","SAMN20157099","Human",263454500,"A549","UNIVERSITY OF CALIFORNIA, IRVINE","public","fastq,run.zq,sra","gs,ncbi,s3","gs.us-east1,ncbi.public,s3.us-east-1","SRX11403308","Illumina HiSeq 4000",NA,"uninf_A549_WT_rep1","SINGLE","RANDOM","TRANSCRIPTOMIC","Homo sapiens","ILLUMINA",2022,1,1,"T00:00:00Z",1,2021,7,9,"T20:37:00Z",1,"uninf_A549_WT_rep1","cell culture",NA,"SRP327755","lung","mock","A549 WT cells","not collected",NA,NA,NA,NA,NA
"SRR15093418","NC_045512.2",8782,NA,"C","T","54",NA,"DP=3;VDB=0.0249187;SGB=-0.511536;MQ0F=0;AC=1;AN=1;DP4=0,0,0,3;MQ=60","ORF1ab",NA,"RNA-Seq",101,1112138068,"PRJNA745219","SAMN20157098","Human",337274826,"A549","UNIVERSITY OF CALIFORNIA, IRVINE","public","fastq,run.zq,sra","gs,ncbi,s3","gs.us-east1,ncbi.public,s3.us-east-1","SRX11403307","Illumina HiSeq 4000",NA,"inf_A549_WT_rep2","SINGLE","RANDOM","TRANSCRIPTOMIC","Homo sapiens","ILLUMINA",2022,1,1,"T00:00:00Z",2,2021,7,9,"T20:39:00Z",1,"inf_A549_WT_rep2","cell culture",NA,"SRP327755","lung","SARS-CoV-2","A549 WT cells","not collected",NA,NA,NA,NA,NA
"SRR15093418","NC_045512.2",18060,NA,"C","T","77",NA,"DP=4;VDB=0.292086;SGB=-0.556411;MQ0F=0;AC=1;AN=1;DP4=0,0,0,4;MQ=60","ORF1ab",NA,"RNA-Seq",101,1112138068,"PRJNA745219","SAMN20157098","Human",337274826,"A549","UNIVERSITY OF CALIFORNIA, IRVINE","public","fastq,run.zq,sra","gs,ncbi,s3","gs.us-east1,ncbi.public,s3.us-east-1","SRX11403307","Illumina HiSeq 4000",NA,"inf_A549_WT_rep2","SINGLE","RANDOM","TRANSCRIPTOMIC","Homo sapiens","ILLUMINA",2022,1,1,"T00:00:00Z",2,2021,7,9,"T20:39:00Z",1,"inf_A549_WT_rep2","cell culture",NA,"SRP327755","lung","SARS-CoV-2","A549 WT cells","not collected",NA,NA,NA,NA,NA
"SRR15093418","NC_045512.2",28144,NA,"T","C","113",NA,"DP=6;VDB=0.00513213;SGB=-0.616816;MQ0F=0;AC=1;AN=1;DP4=0,0,0,6;MQ=60","ORF8",NA,"RNA-Seq",101,1112138068,"PRJNA745219","SAMN20157098","Human",337274826,"A549","UNIVERSITY OF CALIFORNIA, IRVINE","public","fastq,run.zq,sra","gs,ncbi,s3","gs.us-east1,ncbi.public,s3.us-east-1","SRX11403307","Illumina HiSeq 4000",NA,"inf_A549_WT_rep2","SINGLE","RANDOM","TRANSCRIPTOMIC","Homo sapiens","ILLUMINA",2022,1,1,"T00:00:00Z",2,2021,7,9,"T20:39:00Z",1,"inf_A549_WT_rep2","cell culture",NA,"SRP327755","lung","SARS-CoV-2","A549 WT cells","not collected",NA,NA,NA,NA,NA
"SRR15093419","NC_045512.2",8782,NA,"C","T","150",NA,"DP=11;VDB=0.00582302;SGB=-0.676189;MQ0F=0;AC=1;AN=1;DP4=0,0,0,11;MQ=60","ORF1ab",NA,"RNA-Seq",100,973152200,"PRJNA745219","SAMN20157097","Human",294307137,"A549","UNIVERSITY OF CALIFORNIA, IRVINE","public","fastq,run.zq,sra","gs,ncbi,s3","gs.us-east1,ncbi.public,s3.us-east-1","SRX11403306","Illumina HiSeq 4000",NA,"inf_A549_WT_rep1","SINGLE","RANDOM","TRANSCRIPTOMIC","Homo sapiens","ILLUMINA",2022,1,1,"T00:00:00Z",1,2021,7,9,"T20:37:00Z",1,"inf_A549_WT_rep1","cell culture",NA,"SRP327755","lung","SARS-CoV-2","A549 WT cells","not collected",NA,NA,NA,NA,NA
"SRR15093419","NC_045512.2",18060,NA,"C","T","145",NA,"DP=11;VDB=0.000105973;SGB=-0.670168;MQ0F=0;AC=1;AN=1;DP4=0,0,0,10;MQ=60","ORF1ab",NA,"RNA-Seq",100,973152200,"PRJNA745219","SAMN20157097","Human",294307137,"A549","UNIVERSITY OF CALIFORNIA, IRVINE","public","fastq,run.zq,sra","gs,ncbi,s3","gs.us-east1,ncbi.public,s3.us-east-1","SRX11403306","Illumina HiSeq 4000",NA,"inf_A549_WT_rep1","SINGLE","RANDOM","TRANSCRIPTOMIC","Homo sapiens","ILLUMINA",2022,1,1,"T00:00:00Z",1,2021,7,9,"T20:37:00Z",1,"inf_A549_WT_rep1","cell culture",NA,"SRP327755","lung","SARS-CoV-2","A549 WT cells","not collected",NA,NA,NA,NA,NA
"SRR15093419","NC_045512.2",28144,NA,"T","C","184",NA,"DP=65;VDB=0.33732;SGB=-0.693147;MQ0F=0;AC=1;AN=1;DP4=0,0,0,64;MQ=60","ORF8",NA,"RNA-Seq",100,973152200,"PRJNA745219","SAMN20157097","Human",294307137,"A549","UNIVERSITY OF CALIFORNIA, IRVINE","public","fastq,run.zq,sra","gs,ncbi,s3","gs.us-east1,ncbi.public,s3.us-east-1","SRX11403306","Illumina HiSeq 4000",NA,"inf_A549_WT_rep1","SINGLE","RANDOM","TRANSCRIPTOMIC","Homo sapiens","ILLUMINA",2022,1,1,"T00:00:00Z",1,2021,7,9,"T20:37:00Z",1,"inf_A549_WT_rep1","cell culture",NA,"SRP327755","lung","SARS-CoV-2","A549 WT cells","not collected",NA,NA,NA,NA,NA
"SRR15093420","NC_045512.2",18060,NA,"C","T","99",NA,"DP=6;VDB=0.00558876;SGB=-0.590765;MQ0F=0;AC=1;AN=1;DP4=0,0,0,5;MQ=60","ORF1ab",NA,"RNA-Seq",101,1137425034,"PRJNA745219","SAMN20157096","Human",346963339,"A549","UNIVERSITY OF CALIFORNIA, IRVINE","public","fastq,run.zq,sra","gs,ncbi,s3","gs.us-east1,ncbi.public,s3.us-east-1","SRX11403305","Illumina HiSeq 4000",NA,"uninf_A549_TLR3KO_rep2","SINGLE","RANDOM","TRANSCRIPTOMIC","Homo sapiens","ILLUMINA",2022,1,1,"T00:00:00Z",2,2021,7,9,"T20:38:00Z",1,"uninf_A549_TLR3KO_rep2","cell culture",NA,"SRP327755","lung","mock","A549 TLR3KO cells","not collected",NA,NA,NA,NA,NA
"SRR15093420","NC_045512.2",28144,NA,"T","C","168",NA,"DP=25;VDB=2.29621e-06;SGB=-0.692914;MQ0F=0;AC=1;AN=1;DP4=0,0,0,25;MQ=60","ORF8",NA,"RNA-Seq",101,1137425034,"PRJNA745219","SAMN20157096","Human",346963339,"A549","UNIVERSITY OF CALIFORNIA, IRVINE","public","fastq,run.zq,sra","gs,ncbi,s3","gs.us-east1,ncbi.public,s3.us-east-1","SRX11403305","Illumina HiSeq 4000",NA,"uninf_A549_TLR3KO_rep2","SINGLE","RANDOM","TRANSCRIPTOMIC","Homo sapiens","ILLUMINA",2022,1,1,"T00:00:00Z",2,2021,7,9,"T20:38:00Z",1,"uninf_A549_TLR3KO_rep2","cell culture",NA,"SRP327755","lung","mock","A549 TLR3KO cells","not collected",NA,NA,NA,NA,NA
"SRR15093421","NC_045512.2",8782,NA,"C","T","162",NA,"DP=16;VDB=3.10831e-05;SGB=-0.689466;MQ0F=0;AC=1;AN=1;DP4=0,0,0,16;MQ=60","ORF1ab",NA,"RNA-Seq",100,1149385100,"PRJNA745219","SAMN20157095","Human",348120873,"A549","UNIVERSITY OF CALIFORNIA, IRVINE","public","fastq,run.zq,sra","gs,ncbi,s3","gs.us-east1,ncbi.public,s3.us-east-1","SRX11403304","Illumina HiSeq 4000",NA,"uninf_A549_TLR3KO_rep1","SINGLE","RANDOM","TRANSCRIPTOMIC","Homo sapiens","ILLUMINA",2022,1,1,"T00:00:00Z",1,2021,7,9,"T20:38:00Z",1,"uninf_A549_TLR3KO_rep1","cell culture",NA,"SRP327755","lung","mock","A549 TLR3KO cells","not collected",NA,NA,NA,NA,NA
"SRR15093421","NC_045512.2",18060,NA,"C","T","159",NA,"DP=14;VDB=0.000237677;SGB=-0.686358;MQ0F=0;AC=1;AN=1;DP4=0,0,0,14;MQ=60","ORF1ab",NA,"RNA-Seq",100,1149385100,"PRJNA745219","SAMN20157095","Human",348120873,"A549","UNIVERSITY OF CALIFORNIA, IRVINE","public","fastq,run.zq,sra","gs,ncbi,s3","gs.us-east1,ncbi.public,s3.us-east-1","SRX11403304","Illumina HiSeq 4000",NA,"uninf_A549_TLR3KO_rep1","SINGLE","RANDOM","TRANSCRIPTOMIC","Homo sapiens","ILLUMINA",2022,1,1,"T00:00:00Z",1,2021,7,9,"T20:38:00Z",1,"uninf_A549_TLR3KO_rep1","cell culture",NA,"SRP327755","lung","mock","A549 TLR3KO cells","not collected",NA,NA,NA,NA,NA
"SRR15093421","NC_045512.2",28144,NA,"T","C","198",NA,"DP=86;VDB=0.00130808;SGB=-0.693147;MQ0F=0;AC=1;AN=1;DP4=0,0,0,83;MQ=60","ORF8",NA,"RNA-Seq",100,1149385100,"PRJNA745219","SAMN20157095","Human",348120873,"A549","UNIVERSITY OF CALIFORNIA, IRVINE","public","fastq,run.zq,sra","gs,ncbi,s3","gs.us-east1,ncbi.public,s3.us-east-1","SRX11403304","Illumina HiSeq 4000",NA,"uninf_A549_TLR3KO_rep1","SINGLE","RANDOM","TRANSCRIPTOMIC","Homo sapiens","ILLUMINA",2022,1,1,"T00:00:00Z",1,2021,7,9,"T20:38:00Z",1,"uninf_A549_TLR3KO_rep1","cell culture",NA,"SRP327755","lung","mock","A549 TLR3KO cells","not collected",NA,NA,NA,NA,NA
"SRR15093422","NC_045512.2",8782,NA,"C","T","228",NA,"DP=241;VDB=0.000345141;SGB=-0.693147;RPB=1;MQB=1;BQB=1;MQ0F=0;AC=1;AN=1;DP4=0,1,0,233;MQ=60","ORF1ab",NA,"RNA-Seq",100,1752356229,"PRJNA745219","SAMN20157068","Human",534371982,"Huh 7.5","UNIVERSITY OF CALIFORNIA, IRVINE","public","fastq,run.zq,sra","gs,ncbi,s3","gs.us-east1,ncbi.public,s3.us-east-1","SRX11403303","Illumina HiSeq 4000",NA,"inf_Huh75_rep2","SINGLE","RANDOM","TRANSCRIPTOMIC","Homo sapiens","ILLUMINA",2022,1,1,"T00:00:00Z",2,2021,7,9,"T20:39:00Z",1,"inf_Huh75_rep2","cell culture",NA,"SRP327755","kidney","SARS-CoV-2","Huh7.5 cells","not collected",NA,NA,NA,NA,NA
"SRR15093422","NC_045512.2",18060,NA,"C","T","225",NA,"DP=248;VDB=0.999815;SGB=-0.693147;MQSB=1;MQ0F=0;AC=1;AN=1;DP4=0,0,1,237;MQ=60","ORF1ab",NA,"RNA-Seq",100,1752356229,"PRJNA745219","SAMN20157068","Human",534371982,"Huh 7.5","UNIVERSITY OF CALIFORNIA, IRVINE","public","fastq,run.zq,sra","gs,ncbi,s3","gs.us-east1,ncbi.public,s3.us-east-1","SRX11403303","Illumina HiSeq 4000",NA,"inf_Huh75_rep2","SINGLE","RANDOM","TRANSCRIPTOMIC","Homo sapiens","ILLUMINA",2022,1,1,"T00:00:00Z",2,2021,7,9,"T20:39:00Z",1,"inf_Huh75_rep2","cell culture",NA,"SRP327755","kidney","SARS-CoV-2","Huh7.5 cells","not collected",NA,NA,NA,NA,NA
"SRR15093422","NC_045512.2",28144,NA,"T","C","225",NA,"DP=242;VDB=3.16522e-06;SGB=-0.693147;MQSB=1;MQ0F=0;AC=1;AN=1;DP4=0,0,12,220;MQ=60","ORF8",NA,"RNA-Seq",100,1752356229,"PRJNA745219","SAMN20157068","Human",534371982,"Huh 7.5","UNIVERSITY OF CALIFORNIA, IRVINE","public","fastq,run.zq,sra","gs,ncbi,s3","gs.us-east1,ncbi.public,s3.us-east-1","SRX11403303","Illumina HiSeq 4000",NA,"inf_Huh75_rep2","SINGLE","RANDOM","TRANSCRIPTOMIC","Homo sapiens","ILLUMINA",2022,1,1,"T00:00:00Z",2,2021,7,9,"T20:39:00Z",1,"inf_Huh75_rep2","cell culture",NA,"SRP327755","kidney","SARS-CoV-2","Huh7.5 cells","not collected",NA,NA,NA,NA,NA
"SRR15093423","NC_045512.2",8782,NA,"C","T","108",NA,"DP=6;VDB=0.0347691;SGB=-0.616816;MQ0F=0;AC=1;AN=1;DP4=0,0,0,6;MQ=60","ORF1ab",NA,"RNA-Seq",101,2438199186,"PRJNA745219","SAMN20157094","Human",741359091,"A549","UNIVERSITY OF CALIFORNIA, IRVINE","public","fastq,run.zq,sra","gs,ncbi,s3","gs.us-east1,ncbi.public,s3.us-east-1","SRX11403302","Illumina HiSeq 4000",NA,"inf_A549_TLR3KO_rep2","SINGLE","RANDOM","TRANSCRIPTOMIC","Homo sapiens","ILLUMINA",2022,1,1,"T00:00:00Z",2,2021,7,9,"T20:42:00Z",1,"inf_A549_TLR3KO_rep2","cell culture",NA,"SRP327755","lung","SARS-CoV-2","A549 TLR3KO cells","not collected",NA,NA,NA,NA,NA
"SRR15093423","NC_045512.2",28144,NA,"T","C","140",NA,"DP=10;VDB=0.712841;SGB=-0.662043;MQ0F=0;AC=1;AN=1;DP4=0,0,0,9;MQ=60","ORF8",NA,"RNA-Seq",101,2438199186,"PRJNA745219","SAMN20157094","Human",741359091,"A549","UNIVERSITY OF CALIFORNIA, IRVINE","public","fastq,run.zq,sra","gs,ncbi,s3","gs.us-east1,ncbi.public,s3.us-east-1","SRX11403302","Illumina HiSeq 4000",NA,"inf_A549_TLR3KO_rep2","SINGLE","RANDOM","TRANSCRIPTOMIC","Homo sapiens","ILLUMINA",2022,1,1,"T00:00:00Z",2,2021,7,9,"T20:42:00Z",1,"inf_A549_TLR3KO_rep2","cell culture",NA,"SRP327755","lung","SARS-CoV-2","A549 TLR3KO cells","not collected",NA,NA,NA,NA,NA
"SRR15093424","NC_045512.2",18060,NA,"C","T","99",NA,"DP=5;VDB=0.0850649;SGB=-0.590765;MQ0F=0;AC=1;AN=1;DP4=0,0,0,5;MQ=60","ORF1ab",NA,"RNA-Seq",101,2478259725,"PRJNA745219","SAMN20157093","Human",750046386,"A549","UNIVERSITY OF CALIFORNIA, IRVINE","public","fastq,run.zq,sra","gs,ncbi,s3","gs.us-east1,ncbi.public,s3.us-east-1","SRX11403301","Illumina HiSeq 4000",NA,"inf_A549_TLR3KO_rep1","SINGLE","RANDOM","TRANSCRIPTOMIC","Homo sapiens","ILLUMINA",2022,1,1,"T00:00:00Z",1,2021,7,9,"T20:42:00Z",1,"inf_A549_TLR3KO_rep1","cell culture",NA,"SRP327755","lung","SARS-CoV-2","A549 TLR3KO cells","not collected",NA,NA,NA,NA,NA
"SRR15093424","NC_045512.2",28144,NA,"T","C","153",NA,"DP=13;VDB=0.0800219;SGB=-0.683931;MQ0F=0;AC=1;AN=1;DP4=0,0,0,13;MQ=60","ORF8",NA,"RNA-Seq",101,2478259725,"PRJNA745219","SAMN20157093","Human",750046386,"A549","UNIVERSITY OF CALIFORNIA, IRVINE","public","fastq,run.zq,sra","gs,ncbi,s3","gs.us-east1,ncbi.public,s3.us-east-1","SRX11403301","Illumina HiSeq 4000",NA,"inf_A549_TLR3KO_rep1","SINGLE","RANDOM","TRANSCRIPTOMIC","Homo sapiens","ILLUMINA",2022,1,1,"T00:00:00Z",1,2021,7,9,"T20:42:00Z",1,"inf_A549_TLR3KO_rep1","cell culture",NA,"SRP327755","lung","SARS-CoV-2","A549 TLR3KO cells","not collected",NA,NA,NA,NA,NA
"SRR15093425","NC_045512.2",8782,NA,"C","T","37.4152",NA,"DP=2;VDB=0.32;SGB=-0.453602;MQ0F=0;AC=1;AN=1;DP4=0,0,0,2;MQ=60","ORF1ab",NA,"RNA-Seq",101,1206928184,"PRJNA745219","SAMN20157092","Human",369814930,"A549","UNIVERSITY OF CALIFORNIA, IRVINE","public","fastq,run.zq,sra","gs,ncbi,s3","gs.us-east1,ncbi.public,s3.us-east-1","SRX11403300","Illumina HiSeq 4000",NA,"uninf_A549_RL6KO_rep2","SINGLE","RANDOM","TRANSCRIPTOMIC","Homo sapiens","ILLUMINA",2022,1,1,"T00:00:00Z",2,2021,7,9,"T20:38:00Z",1,"uninf_A549_RL6KO_rep2","cell culture",NA,"SRP327755","lung","mock","A549 RL6KO cells","not collected",NA,NA,NA,NA,NA
"SRR15093425","NC_045512.2",18060,NA,"C","T","83",NA,"DP=4;VDB=0.292086;SGB=-0.556411;MQ0F=0;AC=1;AN=1;DP4=0,0,0,4;MQ=60","ORF1ab",NA,"RNA-Seq",101,1206928184,"PRJNA745219","SAMN20157092","Human",369814930,"A549","UNIVERSITY OF CALIFORNIA, IRVINE","public","fastq,run.zq,sra","gs,ncbi,s3","gs.us-east1,ncbi.public,s3.us-east-1","SRX11403300","Illumina HiSeq 4000",NA,"uninf_A549_RL6KO_rep2","SINGLE","RANDOM","TRANSCRIPTOMIC","Homo sapiens","ILLUMINA",2022,1,1,"T00:00:00Z",2,2021,7,9,"T20:38:00Z",1,"uninf_A549_RL6KO_rep2","cell culture",NA,"SRP327755","lung","mock","A549 RL6KO cells","not collected",NA,NA,NA,NA,NA
"SRR15093425","NC_045512.2",28144,NA,"T","C","113",NA,"DP=6;VDB=0.193728;SGB=-0.616816;MQ0F=0;AC=1;AN=1;DP4=0,0,0,6;MQ=60","ORF8",NA,"RNA-Seq",101,1206928184,"PRJNA745219","SAMN20157092","Human",369814930,"A549","UNIVERSITY OF CALIFORNIA, IRVINE","public","fastq,run.zq,sra","gs,ncbi,s3","gs.us-east1,ncbi.public,s3.us-east-1","SRX11403300","Illumina HiSeq 4000",NA,"uninf_A549_RL6KO_rep2","SINGLE","RANDOM","TRANSCRIPTOMIC","Homo sapiens","ILLUMINA",2022,1,1,"T00:00:00Z",2,2021,7,9,"T20:38:00Z",1,"uninf_A549_RL6KO_rep2","cell culture",NA,"SRP327755","lung","mock","A549 RL6KO cells","not collected",NA,NA,NA,NA,NA
"SRR15093426","NC_045512.2",8782,NA,"C","T","62",NA,"DP=3;VDB=0.228191;SGB=-0.511536;MQ0F=0;AC=1;AN=1;DP4=0,0,0,3;MQ=60","ORF1ab",NA,"RNA-Seq",101,1993643040,"PRJNA745219","SAMN20157091","Human",612707313,"A549","UNIVERSITY OF CALIFORNIA, IRVINE","public","fastq,run.zq,sra","gs,ncbi,s3","gs.us-east1,ncbi.public,s3.us-east-1","SRX11403299","Illumina HiSeq 4000",NA,"uninf_A549_RL6KO_rep1","SINGLE","RANDOM","TRANSCRIPTOMIC","Homo sapiens","ILLUMINA",2022,1,1,"T00:00:00Z",1,2021,7,9,"T20:41:00Z",1,"uninf_A549_RL6KO_rep1","cell culture",NA,"SRP327755","lung","mock","A549 RL6KO cells","not collected",NA,NA,NA,NA,NA
"SRR15093426","NC_045512.2",18060,NA,"C","T","62",NA,"DP=3;VDB=0.0983484;SGB=-0.511536;MQ0F=0;AC=1;AN=1;DP4=0,0,0,3;MQ=60","ORF1ab",NA,"RNA-Seq",101,1993643040,"PRJNA745219","SAMN20157091","Human",612707313,"A549","UNIVERSITY OF CALIFORNIA, IRVINE","public","fastq,run.zq,sra","gs,ncbi,s3","gs.us-east1,ncbi.public,s3.us-east-1","SRX11403299","Illumina HiSeq 4000",NA,"uninf_A549_RL6KO_rep1","SINGLE","RANDOM","TRANSCRIPTOMIC","Homo sapiens","ILLUMINA",2022,1,1,"T00:00:00Z",1,2021,7,9,"T20:41:00Z",1,"uninf_A549_RL6KO_rep1","cell culture",NA,"SRP327755","lung","mock","A549 RL6KO cells","not collected",NA,NA,NA,NA,NA
"SRR15093426","NC_045512.2",28144,NA,"T","C","157",NA,"DP=15;VDB=0.0585781;SGB=-0.688148;MQ0F=0;AC=1;AN=1;DP4=0,0,0,15;MQ=60","ORF8",NA,"RNA-Seq",101,1993643040,"PRJNA745219","SAMN20157091","Human",612707313,"A549","UNIVERSITY OF CALIFORNIA, IRVINE","public","fastq,run.zq,sra","gs,ncbi,s3","gs.us-east1,ncbi.public,s3.us-east-1","SRX11403299","Illumina HiSeq 4000",NA,"uninf_A549_RL6KO_rep1","SINGLE","RANDOM","TRANSCRIPTOMIC","Homo sapiens","ILLUMINA",2022,1,1,"T00:00:00Z",1,2021,7,9,"T20:41:00Z",1,"uninf_A549_RL6KO_rep1","cell culture",NA,"SRP327755","lung","mock","A549 RL6KO cells","not collected",NA,NA,NA,NA,NA
"SRR15093427","NC_045512.2",8782,NA,"C","T","140",NA,"DP=9;VDB=0.00270021;SGB=-0.662043;MQ0F=0;AC=1;AN=1;DP4=0,0,0,9;MQ=60","ORF1ab",NA,"RNA-Seq",100,952498300,"PRJNA745219","SAMN20157090","Human",287811538,"A549","UNIVERSITY OF CALIFORNIA, IRVINE","public","fastq,run.zq,sra","gs,ncbi,s3","gs.us-east1,ncbi.public,s3.us-east-1","SRX11403298","Illumina HiSeq 4000",NA,"inf_A549_RL6KO_rep2","SINGLE","RANDOM","TRANSCRIPTOMIC","Homo sapiens","ILLUMINA",2022,1,1,"T00:00:00Z",2,2021,7,9,"T20:37:00Z",1,"inf_A549_RL6KO_rep2","cell culture",NA,"SRP327755","lung","SARS-CoV-2","A549 RL6KO cells","not collected",NA,NA,NA,NA,NA
"SRR15093427","NC_045512.2",18060,NA,"C","T","37.4152",NA,"DP=2;VDB=0.28;SGB=-0.453602;MQ0F=0;AC=1;AN=1;DP4=0,0,0,2;MQ=60","ORF1ab",NA,"RNA-Seq",100,952498300,"PRJNA745219","SAMN20157090","Human",287811538,"A549","UNIVERSITY OF CALIFORNIA, IRVINE","public","fastq,run.zq,sra","gs,ncbi,s3","gs.us-east1,ncbi.public,s3.us-east-1","SRX11403298","Illumina HiSeq 4000",NA,"inf_A549_RL6KO_rep2","SINGLE","RANDOM","TRANSCRIPTOMIC","Homo sapiens","ILLUMINA",2022,1,1,"T00:00:00Z",2,2021,7,9,"T20:37:00Z",1,"inf_A549_RL6KO_rep2","cell culture",NA,"SRP327755","lung","SARS-CoV-2","A549 RL6KO cells","not collected",NA,NA,NA,NA,NA
"SRR15093427","NC_045512.2",28144,NA,"T","C","168",NA,"DP=27;VDB=0.376534;SGB=-0.693021;MQ0F=0;AC=1;AN=1;DP4=0,0,0,27;MQ=60","ORF8",NA,"RNA-Seq",100,952498300,"PRJNA745219","SAMN20157090","Human",287811538,"A549","UNIVERSITY OF CALIFORNIA, IRVINE","public","fastq,run.zq,sra","gs,ncbi,s3","gs.us-east1,ncbi.public,s3.us-east-1","SRX11403298","Illumina HiSeq 4000",NA,"inf_A549_RL6KO_rep2","SINGLE","RANDOM","TRANSCRIPTOMIC","Homo sapiens","ILLUMINA",2022,1,1,"T00:00:00Z",2,2021,7,9,"T20:37:00Z",1,"inf_A549_RL6KO_rep2","cell culture",NA,"SRP327755","lung","SARS-CoV-2","A549 RL6KO cells","not collected",NA,NA,NA,NA,NA
"SRR15093428","NC_045512.2",8782,NA,"C","T","113",NA,"DP=6;VDB=0.320361;SGB=-0.616816;MQ0F=0;AC=1;AN=1;DP4=0,0,0,6;MQ=60","ORF1ab",NA,"RNA-Seq",100,1081894100,"PRJNA745219","SAMN20157089","Human",326813509,"A549","UNIVERSITY OF CALIFORNIA, IRVINE","public","fastq,run.zq,sra","gs,ncbi,s3","gs.us-east1,ncbi.public,s3.us-east-1","SRX11403297","Illumina HiSeq 4000",NA,"inf_A549_RL6KO_rep1","SINGLE","RANDOM","TRANSCRIPTOMIC","Homo sapiens","ILLUMINA",2022,1,1,"T00:00:00Z",1,2021,7,9,"T20:37:00Z",1,"inf_A549_RL6KO_rep1","cell culture",NA,"SRP327755","lung","SARS-CoV-2","A549 RL6KO cells","not collected",NA,NA,NA,NA,NA
"SRR15093428","NC_045512.2",18060,NA,"C","T","154",NA,"DP=12;VDB=0.0118383;SGB=-0.680642;MQ0F=0;AC=1;AN=1;DP4=0,0,0,12;MQ=60","ORF1ab",NA,"RNA-Seq",100,1081894100,"PRJNA745219","SAMN20157089","Human",326813509,"A549","UNIVERSITY OF CALIFORNIA, IRVINE","public","fastq,run.zq,sra","gs,ncbi,s3","gs.us-east1,ncbi.public,s3.us-east-1","SRX11403297","Illumina HiSeq 4000",NA,"inf_A549_RL6KO_rep1","SINGLE","RANDOM","TRANSCRIPTOMIC","Homo sapiens","ILLUMINA",2022,1,1,"T00:00:00Z",1,2021,7,9,"T20:37:00Z",1,"inf_A549_RL6KO_rep1","cell culture",NA,"SRP327755","lung","SARS-CoV-2","A549 RL6KO cells","not collected",NA,NA,NA,NA,NA
"SRR15093428","NC_045512.2",28144,NA,"T","C","223",NA,"DP=51;VDB=0.995511;SGB=-0.693147;MQSB=1;MQ0F=0;AC=1;AN=1;DP4=0,0,1,50;MQ=60","ORF8",NA,"RNA-Seq",100,1081894100,"PRJNA745219","SAMN20157089","Human",326813509,"A549","UNIVERSITY OF CALIFORNIA, IRVINE","public","fastq,run.zq,sra","gs,ncbi,s3","gs.us-east1,ncbi.public,s3.us-east-1","SRX11403297","Illumina HiSeq 4000",NA,"inf_A549_RL6KO_rep1","SINGLE","RANDOM","TRANSCRIPTOMIC","Homo sapiens","ILLUMINA",2022,1,1,"T00:00:00Z",1,2021,7,9,"T20:37:00Z",1,"inf_A549_RL6KO_rep1","cell culture",NA,"SRP327755","lung","SARS-CoV-2","A549 RL6KO cells","not collected",NA,NA,NA,NA,NA
"SRR15093429","NC_045512.2",8782,NA,"C","T","37.4152",NA,"DP=2;VDB=0.58;SGB=-0.453602;MQ0F=0;AC=1;AN=1;DP4=0,0,0,2;MQ=60","ORF1ab",NA,"RNA-Seq",100,1545427775,"PRJNA745219","SAMN20157088","Human",476384638,"A549","UNIVERSITY OF CALIFORNIA, IRVINE","public","fastq,run.zq,sra","gs,ncbi,s3","gs.us-east1,ncbi.public,s3.us-east-1","SRX11403296","Illumina HiSeq 4000",NA,"uninf_A549_PKRKO_rep2","SINGLE","RANDOM","TRANSCRIPTOMIC","Homo sapiens","ILLUMINA",2022,1,1,"T00:00:00Z",2,2021,7,9,"T20:38:00Z",1,"uninf_A549_PKRKO_rep2","cell culture",NA,"SRP327755","lung","mock","A549 PKRKO cells","not collected",NA,NA,NA,NA,NA
"SRR15093429","NC_045512.2",28144,NA,"T","C","164",NA,"DP=19;VDB=0.0255467;SGB=-0.69168;MQ0F=0;AC=1;AN=1;DP4=0,0,0,19;MQ=60","ORF8",NA,"RNA-Seq",100,1545427775,"PRJNA745219","SAMN20157088","Human",476384638,"A549","UNIVERSITY OF CALIFORNIA, IRVINE","public","fastq,run.zq,sra","gs,ncbi,s3","gs.us-east1,ncbi.public,s3.us-east-1","SRX11403296","Illumina HiSeq 4000",NA,"uninf_A549_PKRKO_rep2","SINGLE","RANDOM","TRANSCRIPTOMIC","Homo sapiens","ILLUMINA",2022,1,1,"T00:00:00Z",2,2021,7,9,"T20:38:00Z",1,"uninf_A549_PKRKO_rep2","cell culture",NA,"SRP327755","lung","mock","A549 PKRKO cells","not collected",NA,NA,NA,NA,NA
"SRR15093430","NC_045512.2",8782,NA,"C","T","124",NA,"DP=7;VDB=0.0264851;SGB=-0.636426;MQ0F=0;AC=1;AN=1;DP4=0,0,0,7;MQ=60","ORF1ab",NA,"RNA-Seq",100,1635800450,"PRJNA745219","SAMN20157087","Human",501626691,"A549","UNIVERSITY OF CALIFORNIA, IRVINE","public","fastq,run.zq,sra","gs,ncbi,s3","gs.us-east1,ncbi.public,s3.us-east-1","SRX11403295","Illumina HiSeq 4000",NA,"uninf_A549_PKRKO_rep1","SINGLE","RANDOM","TRANSCRIPTOMIC","Homo sapiens","ILLUMINA",2022,1,1,"T00:00:00Z",1,2021,7,9,"T20:41:00Z",1,"uninf_A549_PKRKO_rep1","cell culture",NA,"SRP327755","lung","mock","A549 PKRKO cells","not collected",NA,NA,NA,NA,NA
"SRR15093430","NC_045512.2",18060,NA,"C","T","62",NA,"DP=3;VDB=0.0900131;SGB=-0.511536;MQ0F=0;AC=1;AN=1;DP4=0,0,0,3;MQ=60","ORF1ab",NA,"RNA-Seq",100,1635800450,"PRJNA745219","SAMN20157087","Human",501626691,"A549","UNIVERSITY OF CALIFORNIA, IRVINE","public","fastq,run.zq,sra","gs,ncbi,s3","gs.us-east1,ncbi.public,s3.us-east-1","SRX11403295","Illumina HiSeq 4000",NA,"uninf_A549_PKRKO_rep1","SINGLE","RANDOM","TRANSCRIPTOMIC","Homo sapiens","ILLUMINA",2022,1,1,"T00:00:00Z",1,2021,7,9,"T20:41:00Z",1,"uninf_A549_PKRKO_rep1","cell culture",NA,"SRP327755","lung","mock","A549 PKRKO cells","not collected",NA,NA,NA,NA,NA
"SRR15093430","NC_045512.2",28144,NA,"T","C","169",NA,"DP=30;VDB=0.259563;SGB=-0.693097;MQ0F=0;AC=1;AN=1;DP4=0,0,0,30;MQ=60","ORF8",NA,"RNA-Seq",100,1635800450,"PRJNA745219","SAMN20157087","Human",501626691,"A549","UNIVERSITY OF CALIFORNIA, IRVINE","public","fastq,run.zq,sra","gs,ncbi,s3","gs.us-east1,ncbi.public,s3.us-east-1","SRX11403295","Illumina HiSeq 4000",NA,"uninf_A549_PKRKO_rep1","SINGLE","RANDOM","TRANSCRIPTOMIC","Homo sapiens","ILLUMINA",2022,1,1,"T00:00:00Z",1,2021,7,9,"T20:41:00Z",1,"uninf_A549_PKRKO_rep1","cell culture",NA,"SRP327755","lung","mock","A549 PKRKO cells","not collected",NA,NA,NA,NA,NA
"SRR15093431","NC_045512.2",8782,NA,"C","T","99",NA,"DP=5;VDB=0.0435222;SGB=-0.590765;MQ0F=0;AC=1;AN=1;DP4=0,0,0,5;MQ=60","ORF1ab",NA,"RNA-Seq",100,986567300,"PRJNA745219","SAMN20157086","Human",296470833,"A549","UNIVERSITY OF CALIFORNIA, IRVINE","public","fastq,run.zq,sra","gs,ncbi,s3","gs.us-east1,ncbi.public,s3.us-east-1","SRX11403294","Illumina HiSeq 4000",NA,"inf_A549_PKRKO_rep2","SINGLE","RANDOM","TRANSCRIPTOMIC","Homo sapiens","ILLUMINA",2022,1,1,"T00:00:00Z",2,2021,7,9,"T20:38:00Z",1,"inf_A549_PKRKO_rep2","cell culture",NA,"SRP327755","lung","SARS-CoV-2","A549 PKRKO cells","not collected",NA,NA,NA,NA,NA
"SRR15093431","NC_045512.2",18060,NA,"C","T","37.4152",NA,"DP=2;VDB=0.14;SGB=-0.453602;MQ0F=0;AC=1;AN=1;DP4=0,0,0,2;MQ=60","ORF1ab",NA,"RNA-Seq",100,986567300,"PRJNA745219","SAMN20157086","Human",296470833,"A549","UNIVERSITY OF CALIFORNIA, IRVINE","public","fastq,run.zq,sra","gs,ncbi,s3","gs.us-east1,ncbi.public,s3.us-east-1","SRX11403294","Illumina HiSeq 4000",NA,"inf_A549_PKRKO_rep2","SINGLE","RANDOM","TRANSCRIPTOMIC","Homo sapiens","ILLUMINA",2022,1,1,"T00:00:00Z",2,2021,7,9,"T20:38:00Z",1,"inf_A549_PKRKO_rep2","cell culture",NA,"SRP327755","lung","SARS-CoV-2","A549 PKRKO cells","not collected",NA,NA,NA,NA,NA
"SRR15093431","NC_045512.2",28144,NA,"T","C","156",NA,"DP=14;VDB=0.616856;SGB=-0.686358;MQ0F=0;AC=1;AN=1;DP4=0,0,0,14;MQ=60","ORF8",NA,"RNA-Seq",100,986567300,"PRJNA745219","SAMN20157086","Human",296470833,"A549","UNIVERSITY OF CALIFORNIA, IRVINE","public","fastq,run.zq,sra","gs,ncbi,s3","gs.us-east1,ncbi.public,s3.us-east-1","SRX11403294","Illumina HiSeq 4000",NA,"inf_A549_PKRKO_rep2","SINGLE","RANDOM","TRANSCRIPTOMIC","Homo sapiens","ILLUMINA",2022,1,1,"T00:00:00Z",2,2021,7,9,"T20:38:00Z",1,"inf_A549_PKRKO_rep2","cell culture",NA,"SRP327755","lung","SARS-CoV-2","A549 PKRKO cells","not collected",NA,NA,NA,NA,NA
"SRR15093432","NC_045512.2",8782,NA,"C","T","99",NA,"DP=5;VDB=0.24773;SGB=-0.590765;MQ0F=0;AC=1;AN=1;DP4=0,0,0,5;MQ=60","ORF1ab",NA,"RNA-Seq",101,1218369060,"PRJNA745219","SAMN20157085","Human",373310087,"A549","UNIVERSITY OF CALIFORNIA, IRVINE","public","fastq,run.zq,sra","gs,ncbi,s3","gs.us-east1,ncbi.public,s3.us-east-1","SRX11403293","Illumina HiSeq 4000",NA,"inf_A549_PKRKO_rep1","SINGLE","RANDOM","TRANSCRIPTOMIC","Homo sapiens","ILLUMINA",2022,1,1,"T00:00:00Z",1,2021,7,9,"T20:38:00Z",1,"inf_A549_PKRKO_rep1","cell culture",NA,"SRP327755","lung","SARS-CoV-2","A549 PKRKO cells","not collected",NA,NA,NA,NA,NA
"SRR15093432","NC_045512.2",10687,NA,"T","C","5.19624",NA,"DP=3;VDB=0.02;SGB=-0.453602;RPB=1;MQB=1;BQB=1;MQ0F=0;AC=1;AN=1;DP4=0,1,0,2;MQ=60","ORF1ab",NA,"RNA-Seq",101,1218369060,"PRJNA745219","SAMN20157085","Human",373310087,"A549","UNIVERSITY OF CALIFORNIA, IRVINE","public","fastq,run.zq,sra","gs,ncbi,s3","gs.us-east1,ncbi.public,s3.us-east-1","SRX11403293","Illumina HiSeq 4000",NA,"inf_A549_PKRKO_rep1","SINGLE","RANDOM","TRANSCRIPTOMIC","Homo sapiens","ILLUMINA",2022,1,1,"T00:00:00Z",1,2021,7,9,"T20:38:00Z",1,"inf_A549_PKRKO_rep1","cell culture",NA,"SRP327755","lung","SARS-CoV-2","A549 PKRKO cells","not collected",NA,NA,NA,NA,NA
"SRR15093432","NC_045512.2",28144,NA,"T","C","162",NA,"DP=17;VDB=0.0928894;SGB=-0.690438;MQ0F=0;AC=1;AN=1;DP4=0,0,0,17;MQ=60","ORF8",NA,"RNA-Seq",101,1218369060,"PRJNA745219","SAMN20157085","Human",373310087,"A549","UNIVERSITY OF CALIFORNIA, IRVINE","public","fastq,run.zq,sra","gs,ncbi,s3","gs.us-east1,ncbi.public,s3.us-east-1","SRX11403293","Illumina HiSeq 4000",NA,"inf_A549_PKRKO_rep1","SINGLE","RANDOM","TRANSCRIPTOMIC","Homo sapiens","ILLUMINA",2022,1,1,"T00:00:00Z",1,2021,7,9,"T20:38:00Z",1,"inf_A549_PKRKO_rep1","cell culture",NA,"SRP327755","lung","SARS-CoV-2","A549 PKRKO cells","not collected",NA,NA,NA,NA,NA
"SRR15093433","NC_045512.2",8782,NA,"C","T","225",NA,"DP=192;VDB=0.0174373;SGB=-0.693147;MQ0F=0;AC=1;AN=1;DP4=0,0,0,191;MQ=60","ORF1ab",NA,"RNA-Seq",100,2028204163,"PRJNA745219","SAMN20157067","Human",609931620,"Huh 7.5","UNIVERSITY OF CALIFORNIA, IRVINE","public","fastq,run.zq,sra","gs,ncbi,s3","gs.us-east1,ncbi.public,s3.us-east-1","SRX11403292","Illumina HiSeq 4000",NA,"inf_Huh75_rep1","SINGLE","RANDOM","TRANSCRIPTOMIC","Homo sapiens","ILLUMINA",2022,1,1,"T00:00:00Z",1,2021,7,9,"T20:43:00Z",1,"inf_Huh75_rep1","cell culture",NA,"SRP327755","kidney","SARS-CoV-2","Huh7.5 cells","not collected",NA,NA,NA,NA,NA
"SRR15093433","NC_045512.2",18060,NA,"C","T","228",NA,"DP=227;VDB=9.35607e-39;SGB=-0.693147;RPB=0;MQB=1;BQB=0.972973;MQ0F=0;AC=1;AN=1;DP4=0,2,0,222;MQ=60","ORF1ab",NA,"RNA-Seq",100,2028204163,"PRJNA745219","SAMN20157067","Human",609931620,"Huh 7.5","UNIVERSITY OF CALIFORNIA, IRVINE","public","fastq,run.zq,sra","gs,ncbi,s3","gs.us-east1,ncbi.public,s3.us-east-1","SRX11403292","Illumina HiSeq 4000",NA,"inf_Huh75_rep1","SINGLE","RANDOM","TRANSCRIPTOMIC","Homo sapiens","ILLUMINA",2022,1,1,"T00:00:00Z",1,2021,7,9,"T20:43:00Z",1,"inf_Huh75_rep1","cell culture",NA,"SRP327755","kidney","SARS-CoV-2","Huh7.5 cells","not collected",NA,NA,NA,NA,NA
"SRR15093433","NC_045512.2",28144,NA,"T","C","225",NA,"DP=249;VDB=4.06066e-23;SGB=-0.693147;MQSB=1;MQ0F=0;AC=1;AN=1;DP4=0,0,8,234;MQ=60","ORF8",NA,"RNA-Seq",100,2028204163,"PRJNA745219","SAMN20157067","Human",609931620,"Huh 7.5","UNIVERSITY OF CALIFORNIA, IRVINE","public","fastq,run.zq,sra","gs,ncbi,s3","gs.us-east1,ncbi.public,s3.us-east-1","SRX11403292","Illumina HiSeq 4000",NA,"inf_Huh75_rep1","SINGLE","RANDOM","TRANSCRIPTOMIC","Homo sapiens","ILLUMINA",2022,1,1,"T00:00:00Z",1,2021,7,9,"T20:43:00Z",1,"inf_Huh75_rep1","cell culture",NA,"SRP327755","kidney","SARS-CoV-2","Huh7.5 cells","not collected",NA,NA,NA,NA,NA
"SRR15093434","NC_045512.2",8782,NA,"C","T","62",NA,"DP=3;VDB=0.0860477;SGB=-0.511536;MQ0F=0;AC=1;AN=1;DP4=0,0,0,3;MQ=60","ORF1ab",NA,"RNA-Seq",100,1368320390,"PRJNA745219","SAMN20157084","Human",418899462,"A549","UNIVERSITY OF CALIFORNIA, IRVINE","public","fastq,run.zq,sra","gs,ncbi,s3","gs.us-east1,ncbi.public,s3.us-east-1","SRX11403291","Illumina HiSeq 4000",NA,"uninf_A549_MAVSKO_rep2","SINGLE","RANDOM","TRANSCRIPTOMIC","Homo sapiens","ILLUMINA",2022,1,1,"T00:00:00Z",2,2021,7,9,"T20:38:00Z",1,"uninf_A549_MAVSKO_rep2","cell culture",NA,"SRP327755","lung","mock","A549 MAVSKO cells","not collected",NA,NA,NA,NA,NA
"SRR15093434","NC_045512.2",18060,NA,"C","T","37.4152",NA,"DP=2;VDB=0.14;SGB=-0.453602;MQ0F=0;AC=1;AN=1;DP4=0,0,0,2;MQ=60","ORF1ab",NA,"RNA-Seq",100,1368320390,"PRJNA745219","SAMN20157084","Human",418899462,"A549","UNIVERSITY OF CALIFORNIA, IRVINE","public","fastq,run.zq,sra","gs,ncbi,s3","gs.us-east1,ncbi.public,s3.us-east-1","SRX11403291","Illumina HiSeq 4000",NA,"uninf_A549_MAVSKO_rep2","SINGLE","RANDOM","TRANSCRIPTOMIC","Homo sapiens","ILLUMINA",2022,1,1,"T00:00:00Z",2,2021,7,9,"T20:38:00Z",1,"uninf_A549_MAVSKO_rep2","cell culture",NA,"SRP327755","lung","mock","A549 MAVSKO cells","not collected",NA,NA,NA,NA,NA
"SRR15093434","NC_045512.2",23607,NA,"G","T","5.19624",NA,"DP=3;VDB=0.68;SGB=-0.453602;RPB=1;MQB=1;BQB=1;MQ0F=0;AC=1;AN=1;DP4=0,1,0,2;MQ=60","S",NA,"RNA-Seq",100,1368320390,"PRJNA745219","SAMN20157084","Human",418899462,"A549","UNIVERSITY OF CALIFORNIA, IRVINE","public","fastq,run.zq,sra","gs,ncbi,s3","gs.us-east1,ncbi.public,s3.us-east-1","SRX11403291","Illumina HiSeq 4000",NA,"uninf_A549_MAVSKO_rep2","SINGLE","RANDOM","TRANSCRIPTOMIC","Homo sapiens","ILLUMINA",2022,1,1,"T00:00:00Z",2,2021,7,9,"T20:38:00Z",1,"uninf_A549_MAVSKO_rep2","cell culture",NA,"SRP327755","lung","mock","A549 MAVSKO cells","not collected",NA,NA,NA,NA,NA
"SRR15093434","NC_045512.2",28144,NA,"T","C","154",NA,"DP=12;VDB=0.00285265;SGB=-0.680642;MQ0F=0;AC=1;AN=1;DP4=0,0,0,12;MQ=60","ORF8",NA,"RNA-Seq",100,1368320390,"PRJNA745219","SAMN20157084","Human",418899462,"A549","UNIVERSITY OF CALIFORNIA, IRVINE","public","fastq,run.zq,sra","gs,ncbi,s3","gs.us-east1,ncbi.public,s3.us-east-1","SRX11403291","Illumina HiSeq 4000",NA,"uninf_A549_MAVSKO_rep2","SINGLE","RANDOM","TRANSCRIPTOMIC","Homo sapiens","ILLUMINA",2022,1,1,"T00:00:00Z",2,2021,7,9,"T20:38:00Z",1,"uninf_A549_MAVSKO_rep2","cell culture",NA,"SRP327755","lung","mock","A549 MAVSKO cells","not collected",NA,NA,NA,NA,NA
"SRR15093435","NC_045512.2",1275,NA,"T","C","15.9501",NA,"DP=3;VDB=0.02;SGB=-0.453602;RPB=1;MQB=1;BQB=1;MQ0F=0;AC=1;AN=1;DP4=0,1,0,2;MQ=60","ORF1ab",NA,"RNA-Seq",101,461383150,"PRJNA745219","SAMN20157083","Human",142374551,"A549","UNIVERSITY OF CALIFORNIA, IRVINE","public","fastq,run.zq,sra","gs,ncbi,s3","gs.us-east1,ncbi.public,s3.us-east-1","SRX11403290","Illumina HiSeq 4000",NA,"uninf_A549_MAVSKO_rep1","SINGLE","RANDOM","TRANSCRIPTOMIC","Homo sapiens","ILLUMINA",2022,1,1,"T00:00:00Z",1,2021,7,9,"T20:37:00Z",1,"uninf_A549_MAVSKO_rep1","cell culture",NA,"SRP327755","lung","mock","A549 MAVSKO cells","not collected",NA,NA,NA,NA,NA
"SRR15093435","NC_045512.2",1276,NA,"T","C","5.19624",NA,"DP=3;VDB=0.02;SGB=-0.453602;RPB=1;MQB=1;BQB=1;MQ0F=0;AC=1;AN=1;DP4=0,1,0,2;MQ=60","ORF1ab",NA,"RNA-Seq",101,461383150,"PRJNA745219","SAMN20157083","Human",142374551,"A549","UNIVERSITY OF CALIFORNIA, IRVINE","public","fastq,run.zq,sra","gs,ncbi,s3","gs.us-east1,ncbi.public,s3.us-east-1","SRX11403290","Illumina HiSeq 4000",NA,"uninf_A549_MAVSKO_rep1","SINGLE","RANDOM","TRANSCRIPTOMIC","Homo sapiens","ILLUMINA",2022,1,1,"T00:00:00Z",1,2021,7,9,"T20:37:00Z",1,"uninf_A549_MAVSKO_rep1","cell culture",NA,"SRP327755","lung","mock","A549 MAVSKO cells","not collected",NA,NA,NA,NA,NA
"SRR15093435","NC_045512.2",28144,NA,"T","C","76",NA,"DP=5;VDB=0.862456;SGB=-0.556411;MQ0F=0;AC=1;AN=1;DP4=0,0,0,4;MQ=60","ORF8",NA,"RNA-Seq",101,461383150,"PRJNA745219","SAMN20157083","Human",142374551,"A549","UNIVERSITY OF CALIFORNIA, IRVINE","public","fastq,run.zq,sra","gs,ncbi,s3","gs.us-east1,ncbi.public,s3.us-east-1","SRX11403290","Illumina HiSeq 4000",NA,"uninf_A549_MAVSKO_rep1","SINGLE","RANDOM","TRANSCRIPTOMIC","Homo sapiens","ILLUMINA",2022,1,1,"T00:00:00Z",1,2021,7,9,"T20:37:00Z",1,"uninf_A549_MAVSKO_rep1","cell culture",NA,"SRP327755","lung","mock","A549 MAVSKO cells","not collected",NA,NA,NA,NA,NA
"SRR15093436","NC_045512.2",8782,NA,"C","T","83",NA,"DP=4;VDB=0.0238972;SGB=-0.556411;MQ0F=0;AC=1;AN=1;DP4=0,0,0,4;MQ=60","ORF1ab",NA,"RNA-Seq",100,938988100,"PRJNA745219","SAMN20157082","Human",283301095,"A549","UNIVERSITY OF CALIFORNIA, IRVINE","public","fastq,run.zq,sra","gs,ncbi,s3","gs.us-east1,ncbi.public,s3.us-east-1","SRX11403289","Illumina HiSeq 4000",NA,"inf_A549_MAVSKO_rep2","SINGLE","RANDOM","TRANSCRIPTOMIC","Homo sapiens","ILLUMINA",2022,1,1,"T00:00:00Z",2,2021,7,9,"T20:37:00Z",1,"inf_A549_MAVSKO_rep2","cell culture",NA,"SRP327755","lung","SARS-CoV-2","A549 MAVSKO cells","not collected",NA,NA,NA,NA,NA
"SRR15093436","NC_045512.2",18060,NA,"C","T","83",NA,"DP=4;VDB=0.0533436;SGB=-0.556411;MQ0F=0;AC=1;AN=1;DP4=0,0,0,4;MQ=60","ORF1ab",NA,"RNA-Seq",100,938988100,"PRJNA745219","SAMN20157082","Human",283301095,"A549","UNIVERSITY OF CALIFORNIA, IRVINE","public","fastq,run.zq,sra","gs,ncbi,s3","gs.us-east1,ncbi.public,s3.us-east-1","SRX11403289","Illumina HiSeq 4000",NA,"inf_A549_MAVSKO_rep2","SINGLE","RANDOM","TRANSCRIPTOMIC","Homo sapiens","ILLUMINA",2022,1,1,"T00:00:00Z",2,2021,7,9,"T20:37:00Z",1,"inf_A549_MAVSKO_rep2","cell culture",NA,"SRP327755","lung","SARS-CoV-2","A549 MAVSKO cells","not collected",NA,NA,NA,NA,NA
"SRR15093436","NC_045512.2",26542,NA,"C","T","5.19624",NA,"DP=4;VDB=0.38;SGB=-0.453602;RPB=1;MQB=1;BQB=1;MQ0F=0;AC=1;AN=1;DP4=0,1,0,2;MQ=60","M",NA,"RNA-Seq",100,938988100,"PRJNA745219","SAMN20157082","Human",283301095,"A549","UNIVERSITY OF CALIFORNIA, IRVINE","public","fastq,run.zq,sra","gs,ncbi,s3","gs.us-east1,ncbi.public,s3.us-east-1","SRX11403289","Illumina HiSeq 4000",NA,"inf_A549_MAVSKO_rep2","SINGLE","RANDOM","TRANSCRIPTOMIC","Homo sapiens","ILLUMINA",2022,1,1,"T00:00:00Z",2,2021,7,9,"T20:37:00Z",1,"inf_A549_MAVSKO_rep2","cell culture",NA,"SRP327755","lung","SARS-CoV-2","A549 MAVSKO cells","not collected",NA,NA,NA,NA,NA
"SRR15093436","NC_045512.2",28144,NA,"T","C","158",NA,"DP=14;VDB=0.288901;SGB=-0.686358;MQ0F=0;AC=1;AN=1;DP4=0,0,0,14;MQ=60","ORF8",NA,"RNA-Seq",100,938988100,"PRJNA745219","SAMN20157082","Human",283301095,"A549","UNIVERSITY OF CALIFORNIA, IRVINE","public","fastq,run.zq,sra","gs,ncbi,s3","gs.us-east1,ncbi.public,s3.us-east-1","SRX11403289","Illumina HiSeq 4000",NA,"inf_A549_MAVSKO_rep2","SINGLE","RANDOM","TRANSCRIPTOMIC","Homo sapiens","ILLUMINA",2022,1,1,"T00:00:00Z",2,2021,7,9,"T20:37:00Z",1,"inf_A549_MAVSKO_rep2","cell culture",NA,"SRP327755","lung","SARS-CoV-2","A549 MAVSKO cells","not collected",NA,NA,NA,NA,NA
"SRR15093437","NC_045512.2",28144,NA,"T","C","159",NA,"DP=14;VDB=0.00120688;SGB=-0.686358;MQ0F=0;AC=1;AN=1;DP4=0,0,0,14;MQ=60","ORF8",NA,"RNA-Seq",101,1246547555,"PRJNA745219","SAMN20157081","Human",382939786,"A549","UNIVERSITY OF CALIFORNIA, IRVINE","public","fastq,run.zq,sra","gs,ncbi,s3","gs.us-east1,ncbi.public,s3.us-east-1","SRX11403288","Illumina HiSeq 4000",NA,"inf_A549_MAVSKO_rep1","SINGLE","RANDOM","TRANSCRIPTOMIC","Homo sapiens","ILLUMINA",2022,1,1,"T00:00:00Z",1,2021,7,9,"T20:37:00Z",1,"inf_A549_MAVSKO_rep1","cell culture",NA,"SRP327755","lung","SARS-CoV-2","A549 MAVSKO cells","not collected",NA,NA,NA,NA,NA
"SRR15093439","NC_045512.2",28144,NA,"T","C","37.4152",NA,"DP=2;VDB=0.06;SGB=-0.453602;MQ0F=0;AC=1;AN=1;DP4=0,0,0,2;MQ=60","ORF8",NA,"RNA-Seq",101,3684894807,"PRJNA745219","SAMN20157079","Human",1096208404,"MKN45","UNIVERSITY OF CALIFORNIA, IRVINE","public","fastq,run.zq,sra","gs,ncbi,s3","gs.us-east1,ncbi.public,s3.us-east-1","SRX11403286","Illumina HiSeq 4000",NA,"MKN_uninf_rep1","SINGLE","RANDOM","TRANSCRIPTOMIC","Homo sapiens","ILLUMINA",2022,1,1,"T00:00:00Z",1,2021,7,9,"T20:47:00Z",1,"MKN_uninf_rep1","cell culture",NA,"SRP327755","gastric","mock","MKN45 cells","not collected",NA,NA,NA,NA,NA
"SRR15093441","NC_045512.2",8782,NA,"C","T","228",NA,"DP=242;VDB=0.905064;SGB=-0.693147;RPB=0.0129389;MQB=1;MQSB=1;BQB=0.863616;MQ0F=0;AC=1;AN=1;DP4=0,4,27,204;MQ=60","ORF1ab",NA,"RNA-Seq",101,2897573143,"PRJNA745219","SAMN20157077","Human",858924429,"MKN45","UNIVERSITY OF CALIFORNIA, IRVINE","public","fastq,run.zq,sra","gs,ncbi,s3","gs.us-east1,ncbi.public,s3.us-east-1","SRX11403284","Illumina HiSeq 4000",NA,"MKN_inf_rep1","SINGLE","RANDOM","TRANSCRIPTOMIC","Homo sapiens","ILLUMINA",2022,1,1,"T00:00:00Z",1,2021,7,9,"T20:42:00Z",1,"MKN_inf_rep1","cell culture",NA,"SRP327755","gastric","SARS-CoV-2","MKN45 cells","not collected",NA,NA,NA,NA,NA
"SRR15093441","NC_045512.2",18060,NA,"C","T","225",NA,"DP=248;VDB=0.99343;SGB=-0.693147;MQSB=1;MQ0F=0;AC=1;AN=1;DP4=0,0,15,214;MQ=60","ORF1ab",NA,"RNA-Seq",101,2897573143,"PRJNA745219","SAMN20157077","Human",858924429,"MKN45","UNIVERSITY OF CALIFORNIA, IRVINE","public","fastq,run.zq,sra","gs,ncbi,s3","gs.us-east1,ncbi.public,s3.us-east-1","SRX11403284","Illumina HiSeq 4000",NA,"MKN_inf_rep1","SINGLE","RANDOM","TRANSCRIPTOMIC","Homo sapiens","ILLUMINA",2022,1,1,"T00:00:00Z",1,2021,7,9,"T20:42:00Z",1,"MKN_inf_rep1","cell culture",NA,"SRP327755","gastric","SARS-CoV-2","MKN45 cells","not collected",NA,NA,NA,NA,NA
"SRR15093441","NC_045512.2",28144,NA,"T","C","225",NA,"DP=241;VDB=0.111954;SGB=-0.693147;MQSB=1;MQ0F=0;AC=1;AN=1;DP4=0,0,44,186;MQ=60","ORF8",NA,"RNA-Seq",101,2897573143,"PRJNA745219","SAMN20157077","Human",858924429,"MKN45","UNIVERSITY OF CALIFORNIA, IRVINE","public","fastq,run.zq,sra","gs,ncbi,s3","gs.us-east1,ncbi.public,s3.us-east-1","SRX11403284","Illumina HiSeq 4000",NA,"MKN_inf_rep1","SINGLE","RANDOM","TRANSCRIPTOMIC","Homo sapiens","ILLUMINA",2022,1,1,"T00:00:00Z",1,2021,7,9,"T20:42:00Z",1,"MKN_inf_rep1","cell culture",NA,"SRP327755","gastric","SARS-CoV-2","MKN45 cells","not collected",NA,NA,NA,NA,NA
"SRR15093442","NC_045512.2",22343,NA,"G","C","12.7591",NA,"DP=8;VDB=0.0629862;SGB=-0.590765;RPB=0.900802;MQB=0.900802;BQB=0.900802;MQ0F=0;AC=1;AN=1;DP4=0,3,0,5;MQ=60","S",NA,"RNA-Seq",151,2889894927,"PRJNA745219","SAMN20157076","Human",901409100,"AGS","UNIVERSITY OF CALIFORNIA, IRVINE","public","fastq,run.zq,sra","gs,ncbi,s3","gs.us-east1,ncbi.public,s3.us-east-1","SRX11403283","Illumina HiSeq 4000",NA,"AGS_uninf_rep3","SINGLE","RANDOM","TRANSCRIPTOMIC","Homo sapiens","ILLUMINA",2022,1,1,"T00:00:00Z",2,2021,7,9,"T20:44:00Z",1,"AGS_uninf_rep3","cell culture",NA,"SRP327755","gastric","mock","AGS cells","not collected",NA,NA,NA,NA,NA
"SRR15093442","NC_045512.2",28144,NA,"T","C","162",NA,"DP=17;VDB=0.852314;SGB=-0.689466;MQ0F=0;AC=1;AN=1;DP4=0,0,0,16;MQ=60","ORF8",NA,"RNA-Seq",151,2889894927,"PRJNA745219","SAMN20157076","Human",901409100,"AGS","UNIVERSITY OF CALIFORNIA, IRVINE","public","fastq,run.zq,sra","gs,ncbi,s3","gs.us-east1,ncbi.public,s3.us-east-1","SRX11403283","Illumina HiSeq 4000",NA,"AGS_uninf_rep3","SINGLE","RANDOM","TRANSCRIPTOMIC","Homo sapiens","ILLUMINA",2022,1,1,"T00:00:00Z",2,2021,7,9,"T20:44:00Z",1,"AGS_uninf_rep3","cell culture",NA,"SRP327755","gastric","mock","AGS cells","not collected",NA,NA,NA,NA,NA
"SRR15093443","NC_045512.2",6696,NA,"CTTTT","CTTTTT","32.4168",NA,"INDEL;IDV=2;IMF=0.666667;DP=3;VDB=0.617121;SGB=-0.511536;MQ0F=0;AC=1;AN=1;DP4=0,0,0,3;MQ=60","ORF1ab",NA,"RNA-Seq",101,2749633191,"PRJNA745219","SAMN20157075","Human",818218780,"AGS","UNIVERSITY OF CALIFORNIA, IRVINE","public","fastq,run.zq,sra","gs,ncbi,s3","gs.us-east1,ncbi.public,s3.us-east-1","SRX11403282","Illumina HiSeq 4000",NA,"AGS_uninf_rep1","SINGLE","RANDOM","TRANSCRIPTOMIC","Homo sapiens","ILLUMINA",2022,1,1,"T00:00:00Z",1,2021,7,9,"T20:44:00Z",1,"AGS_uninf_rep1","cell culture",NA,"SRP327755","gastric","mock","AGS cells","not collected",NA,NA,NA,NA,NA
"SRR15093443","NC_045512.2",18060,NA,"C","T","62",NA,"DP=3;VDB=0.0349627;SGB=-0.511536;MQ0F=0;AC=1;AN=1;DP4=0,0,0,3;MQ=60","ORF1ab",NA,"RNA-Seq",101,2749633191,"PRJNA745219","SAMN20157075","Human",818218780,"AGS","UNIVERSITY OF CALIFORNIA, IRVINE","public","fastq,run.zq,sra","gs,ncbi,s3","gs.us-east1,ncbi.public,s3.us-east-1","SRX11403282","Illumina HiSeq 4000",NA,"AGS_uninf_rep1","SINGLE","RANDOM","TRANSCRIPTOMIC","Homo sapiens","ILLUMINA",2022,1,1,"T00:00:00Z",1,2021,7,9,"T20:44:00Z",1,"AGS_uninf_rep1","cell culture",NA,"SRP327755","gastric","mock","AGS cells","not collected",NA,NA,NA,NA,NA
"SRR15093443","NC_045512.2",28144,NA,"T","C","162",NA,"DP=17;VDB=0.0070494;SGB=-0.690438;MQ0F=0;AC=1;AN=1;DP4=0,0,0,17;MQ=60","ORF8",NA,"RNA-Seq",101,2749633191,"PRJNA745219","SAMN20157075","Human",818218780,"AGS","UNIVERSITY OF CALIFORNIA, IRVINE","public","fastq,run.zq,sra","gs,ncbi,s3","gs.us-east1,ncbi.public,s3.us-east-1","SRX11403282","Illumina HiSeq 4000",NA,"AGS_uninf_rep1","SINGLE","RANDOM","TRANSCRIPTOMIC","Homo sapiens","ILLUMINA",2022,1,1,"T00:00:00Z",1,2021,7,9,"T20:44:00Z",1,"AGS_uninf_rep1","cell culture",NA,"SRP327755","gastric","mock","AGS cells","not collected",NA,NA,NA,NA,NA
"SRR15093444","NC_045512.2",8782,NA,"C","T","225",NA,"DP=218;VDB=1.84049e-15;SGB=-0.693147;MQ0F=0;AC=1;AN=1;DP4=0,0,0,217;MQ=60","ORF1ab",NA,"RNA-Seq",100,876752900,"PRJNA745219","SAMN20157066","Human",264056633,"Huh 7","UNIVERSITY OF CALIFORNIA, IRVINE","public","fastq,run.zq,sra","gs,ncbi,s3","gs.us-east1,ncbi.public,s3.us-east-1","SRX11403281","Illumina HiSeq 4000",NA,"inf_Huh7_rep2","SINGLE","RANDOM","TRANSCRIPTOMIC","Homo sapiens","ILLUMINA",2022,1,1,"T00:00:00Z",2,2021,7,9,"T20:36:00Z",1,"inf_Huh7_rep2","cell culture",NA,"SRP327755","kidney","SARS-CoV-2","Huh7 cells","not collected",NA,NA,NA,NA,NA
"SRR15093444","NC_045512.2",18060,NA,"C","T","225",NA,"DP=136;VDB=2.26094e-11;SGB=-0.693147;MQ0F=0;AC=1;AN=1;DP4=0,0,0,130;MQ=60","ORF1ab",NA,"RNA-Seq",100,876752900,"PRJNA745219","SAMN20157066","Human",264056633,"Huh 7","UNIVERSITY OF CALIFORNIA, IRVINE","public","fastq,run.zq,sra","gs,ncbi,s3","gs.us-east1,ncbi.public,s3.us-east-1","SRX11403281","Illumina HiSeq 4000",NA,"inf_Huh7_rep2","SINGLE","RANDOM","TRANSCRIPTOMIC","Homo sapiens","ILLUMINA",2022,1,1,"T00:00:00Z",2,2021,7,9,"T20:36:00Z",1,"inf_Huh7_rep2","cell culture",NA,"SRP327755","kidney","SARS-CoV-2","Huh7 cells","not collected",NA,NA,NA,NA,NA
"SRR15093444","NC_045512.2",28144,NA,"T","C","225",NA,"DP=247;VDB=1.37606e-05;SGB=-0.693147;MQSB=1;MQ0F=0;AC=1;AN=1;DP4=0,0,4,236;MQ=60","ORF8",NA,"RNA-Seq",100,876752900,"PRJNA745219","SAMN20157066","Human",264056633,"Huh 7","UNIVERSITY OF CALIFORNIA, IRVINE","public","fastq,run.zq,sra","gs,ncbi,s3","gs.us-east1,ncbi.public,s3.us-east-1","SRX11403281","Illumina HiSeq 4000",NA,"inf_Huh7_rep2","SINGLE","RANDOM","TRANSCRIPTOMIC","Homo sapiens","ILLUMINA",2022,1,1,"T00:00:00Z",2,2021,7,9,"T20:36:00Z",1,"inf_Huh7_rep2","cell culture",NA,"SRP327755","kidney","SARS-CoV-2","Huh7 cells","not collected",NA,NA,NA,NA,NA
"SRR15093445","NC_045512.2",8782,NA,"C","T","225",NA,"DP=177;VDB=0.119203;SGB=-0.693147;MQSB=1;MQ0F=0;AC=1;AN=1;DP4=0,0,2,174;MQ=60","ORF1ab",NA,"RNA-Seq",100,883611100,"PRJNA745219","SAMN20157065","Human",267017303,"Huh 7","UNIVERSITY OF CALIFORNIA, IRVINE","public","fastq,run.zq,sra","gs,ncbi,s3","gs.us-east1,ncbi.public,s3.us-east-1","SRX11403280","Illumina HiSeq 4000",NA,"inf_Huh7_rep1","SINGLE","RANDOM","TRANSCRIPTOMIC","Homo sapiens","ILLUMINA",2022,1,1,"T00:00:00Z",1,2021,7,9,"T20:40:00Z",1,"inf_Huh7_rep1","cell culture",NA,"SRP327755","kidney","SARS-CoV-2","Huh7 cells","not collected",NA,NA,NA,NA,NA
"SRR15093445","NC_045512.2",18060,NA,"C","T","225",NA,"DP=170;VDB=3.95819e-08;SGB=-0.693147;MQSB=1;MQ0F=0;AC=1;AN=1;DP4=0,0,1,163;MQ=60","ORF1ab",NA,"RNA-Seq",100,883611100,"PRJNA745219","SAMN20157065","Human",267017303,"Huh 7","UNIVERSITY OF CALIFORNIA, IRVINE","public","fastq,run.zq,sra","gs,ncbi,s3","gs.us-east1,ncbi.public,s3.us-east-1","SRX11403280","Illumina HiSeq 4000",NA,"inf_Huh7_rep1","SINGLE","RANDOM","TRANSCRIPTOMIC","Homo sapiens","ILLUMINA",2022,1,1,"T00:00:00Z",1,2021,7,9,"T20:40:00Z",1,"inf_Huh7_rep1","cell culture",NA,"SRP327755","kidney","SARS-CoV-2","Huh7 cells","not collected",NA,NA,NA,NA,NA
"SRR15093445","NC_045512.2",28144,NA,"T","C","225",NA,"DP=243;VDB=0.322956;SGB=-0.693147;MQSB=1;MQ0F=0;AC=1;AN=1;DP4=0,0,2,233;MQ=60","ORF8",NA,"RNA-Seq",100,883611100,"PRJNA745219","SAMN20157065","Human",267017303,"Huh 7","UNIVERSITY OF CALIFORNIA, IRVINE","public","fastq,run.zq,sra","gs,ncbi,s3","gs.us-east1,ncbi.public,s3.us-east-1","SRX11403280","Illumina HiSeq 4000",NA,"inf_Huh7_rep1","SINGLE","RANDOM","TRANSCRIPTOMIC","Homo sapiens","ILLUMINA",2022,1,1,"T00:00:00Z",1,2021,7,9,"T20:40:00Z",1,"inf_Huh7_rep1","cell culture",NA,"SRP327755","kidney","SARS-CoV-2","Huh7 cells","not collected",NA,NA,NA,NA,NA
"SRR15093446","NC_045512.2",8782,NA,"C","T","140",NA,"DP=9;VDB=0.00205158;SGB=-0.662043;MQ0F=0;AC=1;AN=1;DP4=0,0,0,9;MQ=60","ORF1ab",NA,"RNA-Seq",100,1212218400,"PRJNA745219","SAMN20157108","Model organism or animal",365577455,"Vero E6","UNIVERSITY OF CALIFORNIA, IRVINE","public","fastq,run.zq,sra","gs,ncbi,s3","gs.us-east1,ncbi.public,s3.us-east-1","SRX11403323","Illumina HiSeq 4000",NA,"uninf_VeroE6_rep2.fq.gz","SINGLE","RANDOM","TRANSCRIPTOMIC","Chlorocebus aethiops","ILLUMINA",2022,1,1,"T00:00:00Z",2,2021,7,9,"T20:57:00Z",1,"uninf_VeroE6_rep2","cell culture",NA,"SRP327755","kidney","mock","Vero E6 cells",NA,"not applicable","not applicable","not applicable","not applicable","not applicable"
"SRR15093446","NC_045512.2",18060,NA,"C","T","135",NA,"DP=9;VDB=0.0315723;SGB=-0.662043;MQ0F=0;AC=1;AN=1;DP4=0,0,0,9;MQ=60","ORF1ab",NA,"RNA-Seq",100,1212218400,"PRJNA745219","SAMN20157108","Model organism or animal",365577455,"Vero E6","UNIVERSITY OF CALIFORNIA, IRVINE","public","fastq,run.zq,sra","gs,ncbi,s3","gs.us-east1,ncbi.public,s3.us-east-1","SRX11403323","Illumina HiSeq 4000",NA,"uninf_VeroE6_rep2.fq.gz","SINGLE","RANDOM","TRANSCRIPTOMIC","Chlorocebus aethiops","ILLUMINA",2022,1,1,"T00:00:00Z",2,2021,7,9,"T20:57:00Z",1,"uninf_VeroE6_rep2","cell culture",NA,"SRP327755","kidney","mock","Vero E6 cells",NA,"not applicable","not applicable","not applicable","not applicable","not applicable"
"SRR15093446","NC_045512.2",28144,NA,"T","C","197",NA,"DP=82;VDB=0.00139295;SGB=-0.693147;MQ0F=0;AC=1;AN=1;DP4=0,0,0,81;MQ=60","ORF8",NA,"RNA-Seq",100,1212218400,"PRJNA745219","SAMN20157108","Model organism or animal",365577455,"Vero E6","UNIVERSITY OF CALIFORNIA, IRVINE","public","fastq,run.zq,sra","gs,ncbi,s3","gs.us-east1,ncbi.public,s3.us-east-1","SRX11403323","Illumina HiSeq 4000",NA,"uninf_VeroE6_rep2.fq.gz","SINGLE","RANDOM","TRANSCRIPTOMIC","Chlorocebus aethiops","ILLUMINA",2022,1,1,"T00:00:00Z",2,2021,7,9,"T20:57:00Z",1,"uninf_VeroE6_rep2","cell culture",NA,"SRP327755","kidney","mock","Vero E6 cells",NA,"not applicable","not applicable","not applicable","not applicable","not applicable"
"SRR15093447","NC_045512.2",8782,NA,"C","T","140",NA,"DP=9;VDB=0.251355;SGB=-0.662043;MQ0F=0;AC=1;AN=1;DP4=0,0,0,9;MQ=60","ORF1ab",NA,"RNA-Seq",100,1461671400,"PRJNA745219","SAMN20157107","Model organism or animal",441331468,"Vero E6","UNIVERSITY OF CALIFORNIA, IRVINE","public","fastq,run.zq,sra","gs,ncbi,s3","gs.us-east1,ncbi.public,s3.us-east-1","SRX11403322","Illumina HiSeq 4000",NA,"uninf_VeroE6_rep1.fq.gz","SINGLE","RANDOM","TRANSCRIPTOMIC","Chlorocebus aethiops","ILLUMINA",2022,1,1,"T00:00:00Z",1,2021,7,9,"T20:57:00Z",1,"uninf_VeroE6_rep1","cell culture",NA,"SRP327755","kidney","mock","Vero E6 cells",NA,"not applicable","not applicable","not applicable","not applicable","not applicable"
"SRR15093447","NC_045512.2",18060,NA,"C","T","129",NA,"DP=8;VDB=0.0103095;SGB=-0.651104;MQ0F=0;AC=1;AN=1;DP4=0,0,0,8;MQ=60","ORF1ab",NA,"RNA-Seq",100,1461671400,"PRJNA745219","SAMN20157107","Model organism or animal",441331468,"Vero E6","UNIVERSITY OF CALIFORNIA, IRVINE","public","fastq,run.zq,sra","gs,ncbi,s3","gs.us-east1,ncbi.public,s3.us-east-1","SRX11403322","Illumina HiSeq 4000",NA,"uninf_VeroE6_rep1.fq.gz","SINGLE","RANDOM","TRANSCRIPTOMIC","Chlorocebus aethiops","ILLUMINA",2022,1,1,"T00:00:00Z",1,2021,7,9,"T20:57:00Z",1,"uninf_VeroE6_rep1","cell culture",NA,"SRP327755","kidney","mock","Vero E6 cells",NA,"not applicable","not applicable","not applicable","not applicable","not applicable"
"SRR15093447","NC_045512.2",28144,NA,"T","C","171",NA,"DP=42;VDB=0.795129;SGB=-0.693145;MQ0F=0;AC=1;AN=1;DP4=0,0,0,40;MQ=60","ORF8",NA,"RNA-Seq",100,1461671400,"PRJNA745219","SAMN20157107","Model organism or animal",441331468,"Vero E6","UNIVERSITY OF CALIFORNIA, IRVINE","public","fastq,run.zq,sra","gs,ncbi,s3","gs.us-east1,ncbi.public,s3.us-east-1","SRX11403322","Illumina HiSeq 4000",NA,"uninf_VeroE6_rep1.fq.gz","SINGLE","RANDOM","TRANSCRIPTOMIC","Chlorocebus aethiops","ILLUMINA",2022,1,1,"T00:00:00Z",1,2021,7,9,"T20:57:00Z",1,"uninf_VeroE6_rep1","cell culture",NA,"SRP327755","kidney","mock","Vero E6 cells",NA,"not applicable","not applicable","not applicable","not applicable","not applicable"
"SRR15093448","NC_045512.2",8782,NA,"C","T","157",NA,"DP=13;VDB=0.00189825;SGB=-0.683931;MQ0F=0;AC=1;AN=1;DP4=0,0,0,13;MQ=60","ORF1ab",NA,"RNA-Seq",100,1056117900,"PRJNA745219","SAMN20157106","Model organism or animal",318741372,"Vero CCL81","UNIVERSITY OF CALIFORNIA, IRVINE","public","fastq,run.zq,sra","gs,ncbi,s3","gs.us-east1,ncbi.public,s3.us-east-1","SRX11403321","Illumina HiSeq 4000",NA,"uninf_Vero_WHO_rep2.fq.gz","SINGLE","RANDOM","TRANSCRIPTOMIC","Chlorocebus aethiops","ILLUMINA",2022,1,1,"T00:00:00Z",2,2021,7,9,"T20:55:00Z",1,"uninf_Vero_WHO_rep2","cell culture",NA,"SRP327755","kidney","mock","Vero CCL81 cells",NA,"not applicable","not applicable","not applicable","not applicable","not applicable"
"SRR15093448","NC_045512.2",18060,NA,"C","T","140",NA,"DP=9;VDB=0.00127738;SGB=-0.662043;MQ0F=0;AC=1;AN=1;DP4=0,0,0,9;MQ=60","ORF1ab",NA,"RNA-Seq",100,1056117900,"PRJNA745219","SAMN20157106","Model organism or animal",318741372,"Vero CCL81","UNIVERSITY OF CALIFORNIA, IRVINE","public","fastq,run.zq,sra","gs,ncbi,s3","gs.us-east1,ncbi.public,s3.us-east-1","SRX11403321","Illumina HiSeq 4000",NA,"uninf_Vero_WHO_rep2.fq.gz","SINGLE","RANDOM","TRANSCRIPTOMIC","Chlorocebus aethiops","ILLUMINA",2022,1,1,"T00:00:00Z",2,2021,7,9,"T20:55:00Z",1,"uninf_Vero_WHO_rep2","cell culture",NA,"SRP327755","kidney","mock","Vero CCL81 cells",NA,"not applicable","not applicable","not applicable","not applicable","not applicable"
"SRR15093448","NC_045512.2",28144,NA,"T","C","179",NA,"DP=58;VDB=0.00110178;SGB=-0.693147;MQ0F=0;AC=1;AN=1;DP4=0,0,0,54;MQ=60","ORF8",NA,"RNA-Seq",100,1056117900,"PRJNA745219","SAMN20157106","Model organism or animal",318741372,"Vero CCL81","UNIVERSITY OF CALIFORNIA, IRVINE","public","fastq,run.zq,sra","gs,ncbi,s3","gs.us-east1,ncbi.public,s3.us-east-1","SRX11403321","Illumina HiSeq 4000",NA,"uninf_Vero_WHO_rep2.fq.gz","SINGLE","RANDOM","TRANSCRIPTOMIC","Chlorocebus aethiops","ILLUMINA",2022,1,1,"T00:00:00Z",2,2021,7,9,"T20:55:00Z",1,"uninf_Vero_WHO_rep2","cell culture",NA,"SRP327755","kidney","mock","Vero CCL81 cells",NA,"not applicable","not applicable","not applicable","not applicable","not applicable"
"SRR15093449","NC_045512.2",8782,NA,"C","T","140",NA,"DP=9;VDB=0.00127738;SGB=-0.662043;MQ0F=0;AC=1;AN=1;DP4=0,0,0,9;MQ=60","ORF1ab",NA,"RNA-Seq",100,1048466500,"PRJNA745219","SAMN20157105","Model organism or animal",316200751,"Vero CCL81","UNIVERSITY OF CALIFORNIA, IRVINE","public","fastq,run.zq,sra","gs,ncbi,s3","gs.us-east1,ncbi.public,s3.us-east-1","SRX11403320","Illumina HiSeq 4000",NA,"uninf_Vero_WHO_rep1.fq.gz","SINGLE","RANDOM","TRANSCRIPTOMIC","Chlorocebus aethiops","ILLUMINA",2022,1,1,"T00:00:00Z",1,2021,7,9,"T20:56:00Z",1,"uninf_Vero_WHO_rep1","cell culture",NA,"SRP327755","kidney","mock","Vero CCL81 cells",NA,"not applicable","not applicable","not applicable","not applicable","not applicable"
"SRR15093449","NC_045512.2",18060,NA,"C","T","124",NA,"DP=7;VDB=0.0044822;SGB=-0.636426;MQ0F=0;AC=1;AN=1;DP4=0,0,0,7;MQ=60","ORF1ab",NA,"RNA-Seq",100,1048466500,"PRJNA745219","SAMN20157105","Model organism or animal",316200751,"Vero CCL81","UNIVERSITY OF CALIFORNIA, IRVINE","public","fastq,run.zq,sra","gs,ncbi,s3","gs.us-east1,ncbi.public,s3.us-east-1","SRX11403320","Illumina HiSeq 4000",NA,"uninf_Vero_WHO_rep1.fq.gz","SINGLE","RANDOM","TRANSCRIPTOMIC","Chlorocebus aethiops","ILLUMINA",2022,1,1,"T00:00:00Z",1,2021,7,9,"T20:56:00Z",1,"uninf_Vero_WHO_rep1","cell culture",NA,"SRP327755","kidney","mock","Vero CCL81 cells",NA,"not applicable","not applicable","not applicable","not applicable","not applicable"
"SRR15093449","NC_045512.2",28144,NA,"T","C","177",NA,"DP=51;VDB=0.00111651;SGB=-0.693147;MQ0F=0;AC=1;AN=1;DP4=0,0,0,51;MQ=60","ORF8",NA,"RNA-Seq",100,1048466500,"PRJNA745219","SAMN20157105","Model organism or animal",316200751,"Vero CCL81","UNIVERSITY OF CALIFORNIA, IRVINE","public","fastq,run.zq,sra","gs,ncbi,s3","gs.us-east1,ncbi.public,s3.us-east-1","SRX11403320","Illumina HiSeq 4000",NA,"uninf_Vero_WHO_rep1.fq.gz","SINGLE","RANDOM","TRANSCRIPTOMIC","Chlorocebus aethiops","ILLUMINA",2022,1,1,"T00:00:00Z",1,2021,7,9,"T20:56:00Z",1,"uninf_Vero_WHO_rep1","cell culture",NA,"SRP327755","kidney","mock","Vero CCL81 cells",NA,"not applicable","not applicable","not applicable","not applicable","not applicable"
"SRR15093450","NC_045512.2",8782,NA,"C","T","228",NA,"DP=223;VDB=0.0385;SGB=-0.693147;RPB=1;MQB=1;MQSB=1;BQB=1;MQ0F=0;AC=1;AN=1;DP4=0,1,1,214;MQ=60","ORF1ab",NA,"RNA-Seq",100,1653987516,"PRJNA745219","SAMN20157104","Model organism or animal",504541290,"Vero E6","UNIVERSITY OF CALIFORNIA, IRVINE","public","fastq,run.zq,sra","gs,ncbi,s3","gs.us-east1,ncbi.public,s3.us-east-1","SRX11403319","Illumina HiSeq 4000",NA,"inf_VeroE6_rep2.fq.gz","SINGLE","RANDOM","TRANSCRIPTOMIC","Chlorocebus aethiops","ILLUMINA",2022,1,1,"T00:00:00Z",2,2021,7,9,"T20:57:00Z",1,"inf_VeroE6_rep2","cell culture",NA,"SRP327755","kidney","SARS-CoV-2","Vero E6 cells",NA,"not applicable","not applicable","not applicable","not applicable","not applicable"
"SRR15093450","NC_045512.2",18060,NA,"C","T","225",NA,"DP=247;VDB=0.939307;SGB=-0.693147;MQSB=1;MQ0F=0;AC=1;AN=1;DP4=0,0,5,229;MQ=60","ORF1ab",NA,"RNA-Seq",100,1653987516,"PRJNA745219","SAMN20157104","Model organism or animal",504541290,"Vero E6","UNIVERSITY OF CALIFORNIA, IRVINE","public","fastq,run.zq,sra","gs,ncbi,s3","gs.us-east1,ncbi.public,s3.us-east-1","SRX11403319","Illumina HiSeq 4000",NA,"inf_VeroE6_rep2.fq.gz","SINGLE","RANDOM","TRANSCRIPTOMIC","Chlorocebus aethiops","ILLUMINA",2022,1,1,"T00:00:00Z",2,2021,7,9,"T20:57:00Z",1,"inf_VeroE6_rep2","cell culture",NA,"SRP327755","kidney","SARS-CoV-2","Vero E6 cells",NA,"not applicable","not applicable","not applicable","not applicable","not applicable"
"SRR15093450","NC_045512.2",28144,NA,"T","C","225",NA,"DP=247;VDB=0.0105948;SGB=-0.693147;MQSB=1;MQ0F=0;AC=1;AN=1;DP4=0,0,24,212;MQ=60","ORF8",NA,"RNA-Seq",100,1653987516,"PRJNA745219","SAMN20157104","Model organism or animal",504541290,"Vero E6","UNIVERSITY OF CALIFORNIA, IRVINE","public","fastq,run.zq,sra","gs,ncbi,s3","gs.us-east1,ncbi.public,s3.us-east-1","SRX11403319","Illumina HiSeq 4000",NA,"inf_VeroE6_rep2.fq.gz","SINGLE","RANDOM","TRANSCRIPTOMIC","Chlorocebus aethiops","ILLUMINA",2022,1,1,"T00:00:00Z",2,2021,7,9,"T20:57:00Z",1,"inf_VeroE6_rep2","cell culture",NA,"SRP327755","kidney","SARS-CoV-2","Vero E6 cells",NA,"not applicable","not applicable","not applicable","not applicable","not applicable"
"SRR15093451","NC_045512.2",8782,NA,"C","T","228",NA,"DP=240;VDB=0.00403113;SGB=-0.693147;RPB=1;MQB=1;MQSB=1;BQB=1;MQ0F=0;AC=1;AN=1;DP4=0,1,5,232;MQ=60","ORF1ab",NA,"RNA-Seq",100,920852300,"PRJNA745219","SAMN20157103","Model organism or animal",277885775,"Vero E6","UNIVERSITY OF CALIFORNIA, IRVINE","public","fastq,run.zq,sra","gs,ncbi,s3","gs.us-east1,ncbi.public,s3.us-east-1","SRX11403318","Illumina HiSeq 4000",NA,"inf_VeroE6_rep1.fq.gz","SINGLE","RANDOM","TRANSCRIPTOMIC","Chlorocebus aethiops","ILLUMINA",2022,1,1,"T00:00:00Z",1,2021,7,9,"T20:54:00Z",1,"inf_VeroE6_rep1","cell culture",NA,"SRP327755","kidney","SARS-CoV-2","Vero E6 cells",NA,"not applicable","not applicable","not applicable","not applicable","not applicable"
"SRR15093451","NC_045512.2",18060,NA,"C","T","225",NA,"DP=249;VDB=1;SGB=-0.693147;MQSB=1;MQ0F=0;AC=1;AN=1;DP4=0,0,8,229;MQ=60","ORF1ab",NA,"RNA-Seq",100,920852300,"PRJNA745219","SAMN20157103","Model organism or animal",277885775,"Vero E6","UNIVERSITY OF CALIFORNIA, IRVINE","public","fastq,run.zq,sra","gs,ncbi,s3","gs.us-east1,ncbi.public,s3.us-east-1","SRX11403318","Illumina HiSeq 4000",NA,"inf_VeroE6_rep1.fq.gz","SINGLE","RANDOM","TRANSCRIPTOMIC","Chlorocebus aethiops","ILLUMINA",2022,1,1,"T00:00:00Z",1,2021,7,9,"T20:54:00Z",1,"inf_VeroE6_rep1","cell culture",NA,"SRP327755","kidney","SARS-CoV-2","Vero E6 cells",NA,"not applicable","not applicable","not applicable","not applicable","not applicable"
"SRR15093451","NC_045512.2",28144,NA,"T","C","225",NA,"DP=246;VDB=1.26743e-06;SGB=-0.693147;MQSB=1;MQ0F=0;AC=1;AN=1;DP4=0,0,42,194;MQ=60","ORF8",NA,"RNA-Seq",100,920852300,"PRJNA745219","SAMN20157103","Model organism or animal",277885775,"Vero E6","UNIVERSITY OF CALIFORNIA, IRVINE","public","fastq,run.zq,sra","gs,ncbi,s3","gs.us-east1,ncbi.public,s3.us-east-1","SRX11403318","Illumina HiSeq 4000",NA,"inf_VeroE6_rep1.fq.gz","SINGLE","RANDOM","TRANSCRIPTOMIC","Chlorocebus aethiops","ILLUMINA",2022,1,1,"T00:00:00Z",1,2021,7,9,"T20:54:00Z",1,"inf_VeroE6_rep1","cell culture",NA,"SRP327755","kidney","SARS-CoV-2","Vero E6 cells",NA,"not applicable","not applicable","not applicable","not applicable","not applicable"
"SRR15093452","NC_045512.2",8782,NA,"C","T","228",NA,"DP=236;VDB=0.000154717;SGB=-0.693147;RPB=1;MQB=1;MQSB=1;BQB=1;MQ0F=0;AC=1;AN=1;DP4=0,1,17,213;MQ=60","ORF1ab",NA,"RNA-Seq",100,1389679600,"PRJNA745219","SAMN20157102","Model organism or animal",420685684,"Vero CCL81","UNIVERSITY OF CALIFORNIA, IRVINE","public","fastq,run.zq,sra","gs,ncbi,s3","gs.us-east1,ncbi.public,s3.us-east-1","SRX11403317","Illumina HiSeq 4000",NA,"inf_Vero_WHO_rep2.fq.gz","SINGLE","RANDOM","TRANSCRIPTOMIC","Chlorocebus aethiops","ILLUMINA",2022,1,1,"T00:00:00Z",2,2021,7,9,"T20:55:00Z",1,"inf_Vero_WHO_rep2","cell culture",NA,"SRP327755","kidney","SARS-CoV-2","Vero CCL81 cells",NA,"not applicable","not applicable","not applicable","not applicable","not applicable"
"SRR15093452","NC_045512.2",18060,NA,"C","T","225",NA,"DP=248;VDB=1;SGB=-0.693147;MQSB=1;MQ0F=0;AC=1;AN=1;DP4=0,0,20,216;MQ=60","ORF1ab",NA,"RNA-Seq",100,1389679600,"PRJNA745219","SAMN20157102","Model organism or animal",420685684,"Vero CCL81","UNIVERSITY OF CALIFORNIA, IRVINE","public","fastq,run.zq,sra","gs,ncbi,s3","gs.us-east1,ncbi.public,s3.us-east-1","SRX11403317","Illumina HiSeq 4000",NA,"inf_Vero_WHO_rep2.fq.gz","SINGLE","RANDOM","TRANSCRIPTOMIC","Chlorocebus aethiops","ILLUMINA",2022,1,1,"T00:00:00Z",2,2021,7,9,"T20:55:00Z",1,"inf_Vero_WHO_rep2","cell culture",NA,"SRP327755","kidney","SARS-CoV-2","Vero CCL81 cells",NA,"not applicable","not applicable","not applicable","not applicable","not applicable"
"SRR15093452","NC_045512.2",28144,NA,"T","C","225",NA,"DP=247;VDB=1.74326e-08;SGB=-0.693147;MQSB=1;MQ0F=0;AC=1;AN=1;DP4=0,0,86,157;MQ=60","ORF8",NA,"RNA-Seq",100,1389679600,"PRJNA745219","SAMN20157102","Model organism or animal",420685684,"Vero CCL81","UNIVERSITY OF CALIFORNIA, IRVINE","public","fastq,run.zq,sra","gs,ncbi,s3","gs.us-east1,ncbi.public,s3.us-east-1","SRX11403317","Illumina HiSeq 4000",NA,"inf_Vero_WHO_rep2.fq.gz","SINGLE","RANDOM","TRANSCRIPTOMIC","Chlorocebus aethiops","ILLUMINA",2022,1,1,"T00:00:00Z",2,2021,7,9,"T20:55:00Z",1,"inf_Vero_WHO_rep2","cell culture",NA,"SRP327755","kidney","SARS-CoV-2","Vero CCL81 cells",NA,"not applicable","not applicable","not applicable","not applicable","not applicable"
"SRR15093453","NC_045512.2",8782,NA,"C","T","225",NA,"DP=217;VDB=1.64587e-07;SGB=-0.693147;MQSB=1;MQ0F=0;AC=1;AN=1;DP4=0,0,19,193;MQ=60","ORF1ab",NA,"RNA-Seq",100,1428073800,"PRJNA745219","SAMN20157101","Model organism or animal",435390353,"Vero CCL81","UNIVERSITY OF CALIFORNIA, IRVINE","public","fastq,run.zq,sra","gs,ncbi,s3","gs.us-east1,ncbi.public,s3.us-east-1","SRX11403316","Illumina HiSeq 4000",NA,"inf_Vero_WHO_rep1.fq.gz","SINGLE","RANDOM","TRANSCRIPTOMIC","Chlorocebus aethiops","ILLUMINA",2022,1,1,"T00:00:00Z",1,2021,7,9,"T20:57:00Z",1,"inf_Vero_WHO_rep1","cell culture",NA,"SRP327755","kidney","SARS-CoV-2","Vero CCL81 cells",NA,"not applicable","not applicable","not applicable","not applicable","not applicable"
"SRR15093453","NC_045512.2",18060,NA,"C","T","228",NA,"DP=249;VDB=0.999973;SGB=-0.693147;RPB=0;MQB=1;MQSB=1;BQB=0.944681;MQ0F=0;AC=1;AN=1;DP4=0,2,18,217;MQ=60","ORF1ab",NA,"RNA-Seq",100,1428073800,"PRJNA745219","SAMN20157101","Model organism or animal",435390353,"Vero CCL81","UNIVERSITY OF CALIFORNIA, IRVINE","public","fastq,run.zq,sra","gs,ncbi,s3","gs.us-east1,ncbi.public,s3.us-east-1","SRX11403316","Illumina HiSeq 4000",NA,"inf_Vero_WHO_rep1.fq.gz","SINGLE","RANDOM","TRANSCRIPTOMIC","Chlorocebus aethiops","ILLUMINA",2022,1,1,"T00:00:00Z",1,2021,7,9,"T20:57:00Z",1,"inf_Vero_WHO_rep1","cell culture",NA,"SRP327755","kidney","SARS-CoV-2","Vero CCL81 cells",NA,"not applicable","not applicable","not applicable","not applicable","not applicable"
"SRR15093453","NC_045512.2",28144,NA,"T","C","228",NA,"DP=249;VDB=0.0414089;SGB=-0.693147;RPB=1;MQB=1;MQSB=1;BQB=1;MQ0F=0;AC=1;AN=1;DP4=0,1,65,177;MQ=60","ORF8",NA,"RNA-Seq",100,1428073800,"PRJNA745219","SAMN20157101","Model organism or animal",435390353,"Vero CCL81","UNIVERSITY OF CALIFORNIA, IRVINE","public","fastq,run.zq,sra","gs,ncbi,s3","gs.us-east1,ncbi.public,s3.us-east-1","SRX11403316","Illumina HiSeq 4000",NA,"inf_Vero_WHO_rep1.fq.gz","SINGLE","RANDOM","TRANSCRIPTOMIC","Chlorocebus aethiops","ILLUMINA",2022,1,1,"T00:00:00Z",1,2021,7,9,"T20:57:00Z",1,"inf_Vero_WHO_rep1","cell culture",NA,"SRP327755","kidney","SARS-CoV-2","Vero CCL81 cells",NA,"not applicable","not applicable","not applicable","not applicable","not applicable"
